time,open,high,low,close,MA 9,MA 13,MA 21,MA 34,MA 50,MA 72,MA 89,MA 100,MA 200,MA 9,MA 13,MA 21,MA 34,MA 50,MA 72,MA 89,MA 100,MA 200,Gap Flag,Winning Gap-up Box,Losing Gap-up Box,Break Even Gap Box,Winning Gap-down Box,Losing Gap-down Box,Gap Flag,Winning Gap-up Box,Losing Gap-up Box,Break Even Gap Box,Winning Gap-down Box,Losing Gap-down Box,Volume,Volume MA,Relative Vol
1654090200,25,27.5,12.6,16.99,NaN,NaN,NaN,NaN,NaN,NaN,NaN,NaN,NaN,NaN,NaN,NaN,NaN,NaN,NaN,NaN,NaN,NaN,0,0,0,0,0,0,0,0,0,0,0,0,1171672,NaN,NaN
1654176600,16.23,18.83,13.34,16.19,NaN,NaN,NaN,NaN,NaN,NaN,NaN,NaN,NaN,NaN,NaN,NaN,NaN,NaN,NaN,NaN,NaN,NaN,0,0,0,0,0,0,0,0,0,0,0,0,515950,NaN,NaN
1654263000,15.33,17.25,14.2305,16.05,NaN,NaN,NaN,NaN,NaN,NaN,NaN,NaN,NaN,NaN,NaN,NaN,NaN,NaN,NaN,NaN,NaN,NaN,1,0,0,1,0,0,0,0,0,0,0,0,271205,NaN,NaN
1654522200,14.81,19.38,14.81,16.351,NaN,NaN,NaN,NaN,NaN,NaN,NaN,NaN,NaN,NaN,NaN,NaN,NaN,NaN,NaN,NaN,NaN,NaN,1,0,0,1,0,0,0,0,0,0,0,0,266707,NaN,NaN
1654608600,16.02,18.89,16.02,17.85,NaN,NaN,NaN,NaN,NaN,NaN,NaN,NaN,NaN,NaN,NaN,NaN,NaN,NaN,NaN,NaN,NaN,NaN,0,0,0,0,0,0,0,0,0,0,0,0,124392,NaN,NaN
1654695000,17.26,18.4985,16.6,17.51,NaN,NaN,NaN,NaN,NaN,NaN,NaN,NaN,NaN,NaN,NaN,NaN,NaN,NaN,NaN,NaN,NaN,NaN,0,0,0,0,0,0,0,0,0,0,0,0,94695,NaN,NaN
1654781400,16.85,21.9744,16.85,21.33,NaN,NaN,NaN,NaN,NaN,NaN,NaN,NaN,NaN,NaN,NaN,NaN,NaN,NaN,NaN,NaN,NaN,NaN,0,0,0,0,0,0,0,0,0,0,0,0,212485,NaN,NaN
1654867800,22.11,24.23,20.37,23.9177,NaN,NaN,NaN,NaN,NaN,NaN,NaN,NaN,NaN,NaN,NaN,NaN,NaN,NaN,NaN,NaN,NaN,NaN,0,0,0,0,0,0,0,0,0,0,0,0,130719,NaN,NaN
1655127000,26.74,29.84,23.01,28.7,19.432077777777778,NaN,NaN,NaN,NaN,NaN,NaN,NaN,NaN,19.432077777777778,NaN,NaN,NaN,NaN,NaN,NaN,NaN,NaN,1,0,0,1,0,0,0,0,0,0,0,0,326042,NaN,NaN
1655213400,28,33.15,22,22,19.94566222222222,NaN,NaN,NaN,NaN,NaN,NaN,NaN,NaN,19.988744444444443,NaN,NaN,NaN,NaN,NaN,NaN,NaN,NaN,0,0,0,0,0,0,0,0,0,0,0,0,313516,NaN,NaN
1655299800,19.43,38.1,15.53,31.02,22.16052977777778,NaN,NaN,NaN,NaN,NaN,NaN,NaN,NaN,21.636522222222222,NaN,NaN,NaN,NaN,NaN,NaN,NaN,NaN,1,0,0,0,0,1,0,0,0,0,0,0,824527,NaN,NaN
1655386200,31.04,38.9,31.02,38.7,25.468423822222224,NaN,NaN,NaN,NaN,NaN,NaN,NaN,NaN,24.15318888888889,NaN,NaN,NaN,NaN,NaN,NaN,NaN,NaN,0,0,0,0,0,0,0,0,0,0,0,0,516897,NaN,NaN
1655472600,40.28,44.53,30.0001,43,28.97473905777778,23.816053846153846,NaN,NaN,NaN,NaN,NaN,NaN,NaN,27.11418888888889,23.816053846153846,NaN,NaN,NaN,NaN,NaN,NaN,NaN,0,0,0,0,0,0,0,0,0,0,0,0,556508,NaN,NaN
1655818200,40.96,42.99,36.1405,39.51,31.081791246222224,26.058046153846153,NaN,NaN,NaN,NaN,NaN,NaN,NaN,29.520855555555556,25.54836153846154,NaN,NaN,NaN,NaN,NaN,NaN,NaN,1,0,0,1,0,0,1,0,0,1,0,0,298580,NaN,0.7432784573680696
1655904600,36.88,44.3894,36.7264,44.26,33.71743299697778,28.65832527472527,NaN,NaN,NaN,NaN,NaN,NaN,NaN,32.49307777777778,27.707592307692305,NaN,NaN,NaN,NaN,NaN,NaN,NaN,1,0,0,0,0,1,1,0,0,0,0,1,327709,NaN,0.9598308093085843
1655991000,49.18,50.97,38.005,40.75,35.12394639758222,30.385707378335947,NaN,NaN,NaN,NaN,NaN,NaN,NaN,34.65085555555556,29.607592307692304,NaN,NaN,NaN,NaN,NaN,NaN,NaN,1,0,1,0,0,0,1,0,1,0,0,0,680151,NaN,1.925942121702632
1656077400,40.91,49,34.5,34.85,35.06915711806578,31.0234634671451,NaN,NaN,NaN,NaN,NaN,NaN,NaN,35.86555555555556,31.030592307692306,NaN,NaN,NaN,NaN,NaN,NaN,NaN,0,0,0,0,0,0,0,0,0,0,0,0,512161,NaN,1.3828603520595306
1656336600,36.33,37,28.3101,29.29,33.913325694452624,30.775825828981514,NaN,NaN,NaN,NaN,NaN,NaN,NaN,35.93111111111111,31.910592307692305,NaN,NaN,NaN,NaN,NaN,NaN,NaN,1,0,1,0,0,0,1,0,1,0,0,0,281290,NaN,0.7573670031494295
1656423000,30.22,30.22,23.12,24.69,32.0686605555621,29.906422139127013,NaN,NaN,NaN,NaN,NaN,NaN,NaN,36.23,32.4629,NaN,NaN,NaN,NaN,NaN,NaN,NaN,0,0,0,0,0,0,0,0,0,0,0,0,201556,NaN,0.5347492323051162
1656509400,23.91,25.85,22.3741,24.56,30.566928444449676,29.142647547823152,NaN,NaN,NaN,NaN,NaN,NaN,NaN,35.51222222222222,32.71136153846154,NaN,NaN,NaN,NaN,NaN,NaN,NaN,0,0,0,0,0,0,0,0,0,0,0,0,158386,389257.4,0.4152032187085657
1656595800,24.5,26.5584,23.5012,24.69,29.39154275555974,28.506555040991273,27.248033333333336,NaN,NaN,NaN,NaN,NaN,NaN,33.955555555555556,32.77076923076923,27.248033333333336,NaN,NaN,NaN,NaN,NaN,NaN,0,0,0,0,0,0,0,0,0,0,0,0,218967,341622.15,0.573318279434353
1656682200,24.78,31.38,23.91,29.8,29.47323420444779,28.691332892278233,27.480030303030304,NaN,NaN,NaN,NaN,NaN,NaN,32.48888888888889,32.855384615384615,27.85803333333333,NaN,NaN,NaN,NaN,NaN,NaN,0,0,0,0,0,0,0,0,0,0,0,0,349932,333321.25,0.880138808692862
1657027800,31.81,35,28.15,34.87,30.55258736355823,29.57399962195277,28.15184573002755,NaN,NaN,NaN,NaN,NaN,NaN,31.973333333333333,33.84538461538462,28.747557142857143,NaN,NaN,NaN,NaN,NaN,NaN,1,1,0,0,0,0,1,0,0,1,0,0,320442,335783.1,0.8067780906524485
1657114200,35.3,37.39,34,35.5,31.542069890846584,30.420571104530946,28.819859754570498,NaN,NaN,NaN,NaN,NaN,NaN,31,34.190000000000005,29.673747619047617,NaN,NaN,NaN,NaN,NaN,NaN,0,0,0,0,0,0,0,0,0,0,0,0,309613,337928.4,0.780061399541708
1657200600,34.31,36.75,33.65,36.38,32.50965591267727,31.271918089597953,29.507145231427724,NaN,NaN,NaN,NaN,NaN,NaN,30.51444444444445,34.011538461538464,30.627509523809522,NaN,NaN,NaN,NaN,NaN,NaN,0,0,0,0,0,0,0,0,0,0,0,0,201278,341772.7,0.5711785011361172
1657287000,36.96,41.065,34.01,36.65,33.337724730141815,32.04021550536967,30.156495664934294,NaN,NaN,NaN,NaN,NaN,NaN,30.714444444444446,33.52307692307692,31.52274761904762,NaN,NaN,NaN,NaN,NaN,NaN,0,0,0,0,0,0,0,0,0,0,0,0,407247,357400.3,1.1819383807853527
1657546200,35.47,36.1988,31.54,31.54,32.97817978411345,31.968756147459718,30.282268786303902,NaN,NaN,NaN,NaN,NaN,NaN,30.964444444444453,32.910000000000004,32.190842857142854,NaN,NaN,NaN,NaN,NaN,NaN,0,0,0,0,0,0,0,0,0,0,0,0,192099,356381,0.6030809898437259
1657632600,31.49,33.71,30,31.8,32.74254382729076,31.944648126394043,30.420244351185367,NaN,NaN,NaN,NaN,NaN,NaN,31.754444444444445,31.951538461538462,32.689414285714285,NaN,NaN,NaN,NaN,NaN,NaN,0,0,0,0,0,0,0,0,0,0,0,0,163573,358023.7,0.5295578303969749
1657719000,30.49,34.28,29.48,33.62,32.918035061832605,32.183984108337754,30.711131228350332,NaN,NaN,NaN,NaN,NaN,NaN,32.76111111111111,31.403076923076927,33.15142857142857,NaN,NaN,NaN,NaN,NaN,NaN,0,0,0,0,0,0,0,0,0,0,0,0,230161,353229.65,0.7623287852720793
1657805400,32.89,33.62,31.01,31.71,32.67642804946608,32.11627209286093,30.801937480318482,NaN,NaN,NaN,NaN,NaN,NaN,33.541111111111114,31.161538461538466,33.294761904761906,NaN,NaN,NaN,NaN,NaN,NaN,0,0,0,0,0,0,0,0,0,0,0,0,156284,345368.05,0.5908675397091377
1657891800,31.32,31.9418,20.7001,29.5,32.041142439572866,31.74251893673794,30.683579527562255,NaN,NaN,NaN,NaN,NaN,NaN,33.50777777777778,31.17769230769232,33.65190476190477,NaN,NaN,NaN,NaN,NaN,NaN,0,0,0,0,0,0,0,0,0,0,0,0,637978,336040.6,2.33276170168977
1658151000,27.96,30.8756,26.27,28.82,31.39691395165829,31.325016231489663,30.514163206874777,NaN,NaN,NaN,NaN,NaN,NaN,32.83555555555555,31.495384615384623,33.54714285714286,NaN,NaN,NaN,NaN,NaN,NaN,1,0,0,1,0,0,1,0,0,1,0,0,137206,317056.05,0.5213104272181185
1658237400,29.26,29.33,27.12,28.89,30.895531161326634,30.977156769848282,30.366512006249796,NaN,NaN,NaN,NaN,NaN,NaN,32.10111111111111,31.828461538461546,33.080000000000005,NaN,NaN,NaN,NaN,NaN,NaN,0,0,0,0,0,0,0,0,0,0,0,0,181151,298288.2,0.6921109718400454
1658323800,27.87,30,27.2,28.18,30.352424929061307,30.57756294558424,30.167738187499815,29.102020588235302,NaN,NaN,NaN,NaN,NaN,31.189999999999998,32.09692307692308,32.37428571428571,29.102020588235302,NaN,NaN,NaN,NaN,NaN,0,0,0,0,0,0,0,0,0,0,0,0,112944,289006.4,0.4369357880556803
1658410200,27.97,28.66,26.19,27.66,29.813939943249046,30.160768239072205,29.939761988636196,29.01961941176471,NaN,NaN,NaN,NaN,NaN,30.19111111111111,31.932307692307695,31.81,29.415844117647065,NaN,NaN,NaN,NaN,NaN,0,0,0,0,0,0,0,0,0,0,0,0,126669,278954.4,0.5028575868327844
1658496600,27.89,28.39,21.78,21.84,28.219151954599237,28.972087062061888,29.203419989669268,28.609355445378156,NaN,NaN,NaN,NaN,NaN,29.11333333333333,30.930000000000007,30.742380952380955,29.5820205882353,NaN,NaN,NaN,NaN,NaN,0,0,0,0,0,0,0,0,0,0,0,0,261161,258004.9,1.0635428526217012
1658755800,23.46,23.8931,18.01,18.42,26.25932156367939,27.464646053195903,28.223109081517517,28.027106562785118,NaN,NaN,NaN,NaN,NaN,27.626666666666665,29.616153846153853,29.67904761904762,29.65172647058824,NaN,NaN,NaN,NaN,NaN,1,0,1,0,0,0,1,0,1,0,0,0,298871,247340.4,1.224796888972802
1658842200,18.95,20,16.11,16.81,24.369457250943512,25.942553759882202,27.18555371047047,27.386129044911684,NaN,NaN,NaN,NaN,NaN,25.758888888888887,28.11076923076924,28.82,29.66522647058824,NaN,NaN,NaN,NaN,NaN,0,0,0,0,0,0,0,0,0,0,0,0,180729,242312.35,0.7696792949703272
1658928600,17.65,17.65,14.0612,14.93,22.481565800754808,24.369331794184745,26.071412464064064,26.6743502423453,NaN,NaN,NaN,NaN,NaN,23.89444444444444,26.440000000000005,28.136190476190478,29.579344117647064,NaN,NaN,NaN,NaN,NaN,1,0,1,0,0,0,1,0,0,1,0,0,125272,238498.15,0.5461288027290746
1659015000,16.27,17.1291,13.01,14.24,20.833252640603845,22.922284395015495,24.995829512785512,25.963815942782713,NaN,NaN,NaN,NaN,NaN,22.198888888888888,25.10923076923078,27.638571428571428,29.483167647058828,NaN,NaN,NaN,NaN,NaN,1,0,1,0,0,0,1,0,0,1,0,0,271292,244143.45,1.2349939357284767
1659101400,14.14,14.9599,7.99,9.99,18.664602112483077,21.074815195727567,23.631663193441376,25.051026460337987,NaN,NaN,NaN,NaN,NaN,20.106666666666666,23.431538461538466,26.944761904761908,29.149638235294127,NaN,NaN,NaN,NaN,NaN,0,0,0,0,0,0,0,0,0,0,0,0,658748,266132.5,2.603718366737351
1659360600,11.13,11.3458,8.21,9.99,16.929681689986463,19.491270167766487,22.391511994037614,24.190396376890103,NaN,NaN,NaN,NaN,NaN,18.006666666666664,21.61384615384616,26.244761904761905,28.740000000000006,NaN,NaN,NaN,NaN,NaN,1,0,0,1,0,0,1,0,0,1,0,0,423063,269789.05,1.5580262573296164
1659447000,9.5,10.86,9.2001,10.18,15.579745351989171,18.161088715228416,21.281374540034196,23.389802298210668,NaN,NaN,NaN,NaN,NaN,16.00666666666666,19.957692307692316,25.31047619047619,28.195294117647066,NaN,NaN,NaN,NaN,NaN,0,0,0,0,0,0,0,0,0,0,0,0,177864,262660.15,0.6641616202998374
1659533400,10,10.49,9.3,9.46,14.355796281591337,16.918076041624357,20.206704127303816,22.593813595455774,NaN,NaN,NaN,NaN,NaN,13.984444444444442,18.416153846153854,24.10047619047619,27.826470588235303,NaN,NaN,NaN,NaN,NaN,0,0,0,0,0,0,0,0,0,0,0,0,99800,252169.5,0.3783632135201211
1659619800,9.46,9.72,8.91,9.41,13.36663702527307,15.845493749963735,19.225185570276196,21.840452818572587,NaN,NaN,NaN,NaN,NaN,12.603333333333328,16.923076923076934,22.85809523809524,27.190882352941184,NaN,NaN,NaN,NaN,NaN,0,0,0,0,0,0,0,0,0,0,0,0,94335,246822.35,0.4193858254964506
1659706200,9.21,10.74,8.79,10.15,12.723309620218457,15.031851785683202,18.400168700251086,21.17242694322558,NaN,NaN,NaN,NaN,NaN,11.68444444444444,15.481538461538472,21.60904761904762,26.351176470588243,NaN,NaN,NaN,NaN,NaN,0,0,0,0,0,0,0,0,0,0,0,0,123571,232638.55,0.5517494984802916
1659965400,10.52,23.3799,10.52,20.57,14.292647696174765,15.823015816299888,18.59742609113735,21.138002546469835,NaN,NaN,NaN,NaN,NaN,12.102222222222217,14.896153846153844,20.843333333333334,25.6914705882353,NaN,NaN,NaN,NaN,NaN,0,0,0,0,0,0,0,0,0,0,0,0,5441108,495089,9.073452964334036
1660051800,18.69,21.4387,13.03,15.21,14.476118156939812,15.735442128257047,18.28947826467032,20.799259543814415,NaN,NaN,NaN,NaN,NaN,12.13333333333333,13.938461538461537,20.06571428571429,24.97676470588236,NaN,NaN,NaN,NaN,NaN,1,0,0,0,1,0,1,0,0,1,0,0,1368765,555348.6,1.9855162772731567
1660138200,14.73,14.99,12.22,12.63,14.10689452555185,15.29180753850604,17.77498024060938,20.332444712739306,NaN,NaN,NaN,NaN,NaN,11.95444444444444,13.229999999999999,19.15285714285714,24.0464705882353,NaN,NaN,NaN,NaN,NaN,0,0,0,0,0,0,0,0,0,0,0,0,237098,555695.45,0.3400411630091838
1660224600,12.46,22.62,12.46,19.25,15.13551562044148,15.857263604433749,17.90907294600853,20.270590729154204,24.604174000000004,NaN,NaN,NaN,NaN,12.983333333333329,13.293846153846156,18.468571428571426,23.414117647058823,24.604174000000004,NaN,NaN,NaN,NaN,0,0,0,0,0,0,0,0,0,0,0,0,2109894,653375.95,2.544140646195957
1660311000,17.8,20.14,7,13.84,14.876412496353183,15.569083089514642,17.539157223644118,19.903128401773962,24.182049529411767,NaN,NaN,NaN,NaN,13.411111111111106,13.065384615384618,17.617619047619048,22.796176470588236,24.541174,NaN,NaN,NaN,NaN,1,0,0,0,1,0,1,0,0,1,0,0,6688284,955891.25,5.202049820156565
1660570200,13.82,13.91,11.37,13.23,14.547129997082546,15.234928362441122,17.14741565785829,19.52180677881545,23.752557391003464,NaN,NaN,NaN,NaN,13.749999999999993,12.934615384615386,16.842857142857145,22.323823529411765,24.481974000000005,NaN,NaN,NaN,NaN,0,0,0,0,0,0,0,0,0,0,0,0,851990,991630.45,0.6388413227641202
1660656600,11.6,12.99,10.33,11.66,13.969703997666038,14.72422431066382,16.64855968896208,19.072560677168852,23.278339454101367,NaN,NaN,NaN,NaN,13.994444444444438,12.736153846153847,16.025714285714283,21.94058823529412,24.394174000000003,NaN,NaN,NaN,NaN,1,0,0,1,0,0,1,0,0,1,0,0,743459,1019745.85,0.5395966493497862
1660743000,11.52,11.6599,10.01,10.1,13.19576319813283,14.063620837711845,16.05323608087462,18.559842924187773,22.761541828450333,NaN,NaN,NaN,NaN,14.071111111111103,12.744615384615384,15.130952380952378,21.51529411764706,24.269154000000004,NaN,NaN,NaN,NaN,0,0,0,0,0,0,0,0,0,0,0,0,379299,1033063.6,0.2737593388103218
1660829400,10.1,12.5,10.1,10.71,12.698610558506264,13.584532146610153,15.567487346249655,18.111280471377043,22.288932344981692,NaN,NaN,NaN,NaN,14.133333333333328,12.799999999999999,14.299047619047618,21.10411764705882,24.126354000000003,NaN,NaN,NaN,NaN,0,0,0,0,0,0,0,0,0,0,0,0,1067956,1080127.95,0.7548731259043123
1660915800,10.5,11.11,9.9,10.24,12.206888446805012,13.10674183995156,15.083170314772413,17.661493015869784,21.816425194198096,NaN,NaN,NaN,NaN,12.985555555555548,12.804615384615383,13.469523809523807,20.528823529411767,23.980954,NaN,NaN,NaN,NaN,0,0,0,0,0,0,0,0,0,0,0,0,325096,1083324.7,0.2309328265609405
1661175000,9.86,10.4,9.5,10.01,11.76751075744401,12.664350148529909,14.621973013429466,17.224264843534367,21.353428127758956,NaN,NaN,NaN,NaN,12.40777777777777,12.846923076923074,12.906190476190474,19.79764705882353,23.754554000000002,NaN,NaN,NaN,NaN,0,0,0,0,0,0,0,0,0,0,0,0,292130,1082987.65,0.20631914234049353
1661261400,9.92,10.35,9.7,10.05,11.424008605955208,12.290871555882779,14.206339103117697,16.814306852475262,20.910156436474292,NaN,NaN,NaN,NaN,12.121111111111103,12.896153846153844,12.507619047619047,19.04911764705882,23.477200000000003,NaN,NaN,NaN,NaN,0,0,0,0,0,0,0,0,0,0,0,0,126235,1080262.95,0.08903574044723167
1661347800,9.84,10.1,9.6,9.72,11.083206884764166,11.923604190756668,13.79849009374336,16.408917889476676,20.47132677229883,NaN,NaN,NaN,NaN,11.062222222222214,12.863076923076921,12.169999999999998,18.265,23.097600000000003,NaN,NaN,NaN,NaN,0,0,0,0,0,0,0,0,0,0,0,0,122680,1080133.35,0.08640494949959918
1661434200,9.73,10.1,8.86,9.33,10.732565507811334,11.553089306362859,13.392263721584873,16.004408295792295,20.034411996914564,NaN,NaN,NaN,NaN,10.561111111111105,11.998461538461536,11.903333333333329,17.461470588235294,22.844200000000004,NaN,NaN,NaN,NaN,0,0,0,0,0,0,0,0,0,0,0,0,147406,1073939.05,0.10369541841277499
1661520600,9.56,9.95,8.7001,9.05,10.396052406249067,11.195505119739593,12.997512474168067,15.607013536032735,19.6036507421336,NaN,NaN,NaN,NaN,10.096666666666659,11.524615384615384,11.656190476190472,16.799999999999997,22.404800000000005,NaN,NaN,NaN,NaN,0,0,0,0,0,0,0,0,0,0,0,0,229441,1052473.7,0.218667963536165
1661779800,9.89,9.89,9,9.45,10.206841924999253,10.94614724549108,12.675011340152787,15.255184191116578,19.205468360089146,NaN,NaN,NaN,NaN,9.851111111111102,11.28,11.630476190476188,16.142647058823528,21.819800000000004,NaN,NaN,NaN,NaN,1,0,0,1,0,0,1,0,0,1,0,0,191780,1040909.55,0.19869533569337636
1661866200,9.44,9.49,9.11,9.42,10.049473539999402,10.728126210420925,12.379101218320717,14.921745094481345,18.821724502830747,NaN,NaN,NaN,NaN,9.775555555555547,10.523846153846153,11.603333333333332,15.430882352941175,21.148200000000003,NaN,NaN,NaN,NaN,0,0,0,0,0,0,0,0,0,0,0,0,78254,1035929.05,0.082040128489766
1661952600,9.65,9.99,9.28,9.76,9.991578831999522,10.589822466075079,12.141001107564287,14.626788231939553,18.4663627576217,NaN,NaN,NaN,NaN,9.669999999999991,10.209999999999997,11.583333333333329,14.785294117647057,20.5532,NaN,NaN,NaN,NaN,0,0,0,0,0,0,0,0,0,0,0,0,303279,1046103,0.36769721447172576
1662039000,9.89,10.14,9.28,9.5,9.893263065599617,10.434133542350068,11.900910097785715,14.33382890440015,18.114740688695356,NaN,NaN,NaN,NaN,9.587777777777768,9.923076923076923,11.58523809523809,14.197058823529412,19.858000000000004,NaN,NaN,NaN,NaN,0,0,0,0,0,0,0,0,0,0,0,0,68907,1044831.6,0.1957620184776027
1662125400,9.34,9.8,9.28,9.49,9.812610452479694,10.299257322014345,11.68173645253247,14.05703868129157,17.77651556364848,NaN,NaN,NaN,NaN,9.529999999999992,9.756153846153847,11.589047619047612,13.628529411764706,19.232800000000005,NaN,NaN,NaN,NaN,0,0,0,0,0,0,0,0,0,0,0,0,49612,1041133.65,0.16835832646149565
1662471000,9.35,10.185,9.28,9.68,9.786088361983754,10.21079199029801,11.499760411393154,13.806922185217765,17.459005149387757,NaN,NaN,NaN,NaN,9.48888888888888,9.723846153846152,11.56666666666666,13.063529411764705,18.729400000000002,NaN,NaN,NaN,NaN,0,0,0,0,0,0,0,0,0,0,0,0,120213,775088.9,0.48053786553247474
1662557400,9.52,9.9593,9.4,9.82,9.792870689587003,10.15496456311258,11.347054919448322,13.579098060348178,17.15943632,NaN,NaN,NaN,NaN,9.499999999999993,9.655384615384614,11.054761904761897,12.523529411764704,18.340000000000003,NaN,NaN,NaN,NaN,0,0,0,0,0,0,0,0,0,0,0,0,47792,709040.25,0.2110167810391194
1662643800,9.59,10.0152,9.51,9.88,9.810296551669603,10.115683911239355,11.213686290407566,13.367721028328281,16.87396822901961,NaN,NaN,NaN,NaN,9.561111111111103,9.627692307692307,10.800952380952372,12.000588235294117,18.043800000000005,NaN,NaN,NaN,NaN,0,0,0,0,0,0,0,0,0,0,0,0,30255,698698.1,0.19857201792712886
1662730200,10.07,10.9,10.0188,10.74,9.996237241335683,10.204871923919447,11.170623900370515,13.217565540995237,16.633420455332566,NaN,NaN,NaN,NaN,9.748888888888882,9.68384615384615,10.710952380952373,11.674117647058823,17.767400000000002,NaN,NaN,NaN,NaN,0,0,0,0,0,0,0,0,0,0,0,0,119419,599174.35,0.8674190088943515
1662989400,10.63,11.84,10.63,11.24,10.244989793068546,10.352747363359526,11.17693081851865,13.104561795795508,16.42191377080972,NaN,NaN,NaN,NaN,9.947777777777771,9.775384615384613,10.3295238095238,11.462941176470588,17.4984,NaN,NaN,NaN,NaN,0,0,0,0,0,0,0,0,0,0,0,0,121473,270833.8,0.9680522966894474
1663075800,11.03,11.35,10.5,10.94,10.383991834454838,10.436640597165308,11.155391653198773,12.980872550321479,16.20693676018973,20.250954166666666,NaN,NaN,NaN,10.116666666666658,9.869230769230768,10.191428571428563,11.290294117647058,17.1212,20.250954166666666,NaN,NaN,NaN,0,0,0,0,0,0,0,0,0,0,0,0,74255,231947.05,0.6098021663970304
1663162200,10.7,11.36,10.37,10.89,10.485193467563871,10.501406226141693,11.131265139271612,12.861394118874538,15.998429436260722,19.99448966894977,NaN,NaN,NaN,10.242222222222216,9.989230769230769,10.07999999999999,11.171470588235293,16.641600000000004,20.166231944444448,NaN,NaN,NaN,0,0,0,0,0,0,0,0,0,0,0,0,69445,198246.35,0.5886840755638253
1663248600,10.89,11.6,10.38,10.77,10.542154774051097,10.539776765264309,11.098422853883283,12.741885883510278,15.793392987779908,19.741763924594984,NaN,NaN,NaN,10.383333333333326,10.12153846153846,10.037619047619037,11.06941176470588,16.147000000000002,20.090954166666666,NaN,NaN,NaN,0,0,0,0,0,0,0,0,0,0,0,0,141896,186376.2,1.206876461478924
1663335000,10.8001,11.48,10.19,10.22,10.477723819240877,10.49409437022655,11.018566230802985,12.597778118738262,15.574828556886578,19.480893680085533,NaN,NaN,NaN,10.464444444444435,10.180769230769231,10.043333333333322,11.076176470588234,15.623800000000001,20.009981944444448,NaN,NaN,NaN,0,0,0,0,0,0,0,0,0,0,0,0,77240,136840.4,0.7238890897162978
1663594200,10.68,11.7,10.53,11.37,10.656179055392702,10.61922374590847,11.050514755275442,12.527619369096076,15.409933319361613,19.25867741487771,NaN,NaN,NaN,10.652222222222214,10.330769230769231,10.074761904761894,11.11676470588235,15.118200000000002,19.94080138888889,NaN,NaN,NaN,0,0,0,0,0,0,0,0,0,0,0,0,278446,134507.9,2.4664843598741144
1663680600,11.12,12.46,11.11,11.8,10.884943244314162,10.787906067921547,11.11864977752313,12.486041119433443,15.268367306837629,19.054330088442704,NaN,NaN,NaN,10.872222222222213,10.487692307692308,10.14904761904761,11.16441176470588,14.723400000000002,19.856773611111112,NaN,NaN,NaN,0,0,0,0,0,0,0,0,0,0,0,0,152310,127516.9,1.2887796139354577
1663767000,11.94,12.9,11.6451,12.29,11.165954595451328,11.002490915361326,11.225136161384663,12.474838769751532,15.151568588922428,18.869005976430575,NaN,NaN,NaN,11.139999999999992,10.702307692307691,10.25761904761904,11.247647058823526,14.333200000000001,19.784273611111114,NaN,NaN,NaN,0,0,0,0,0,0,0,0,0,0,0,0,192009,130805.6,1.7418355286689577
1663853400,12.03,12.8,11.4,11.75,11.282763676361062,11.109277927452565,11.272851055804239,12.433419411480015,15.01817374229802,18.67396471680234,NaN,NaN,NaN,11.252222222222214,10.876153846153844,10.33857142857142,11.316470588235292,13.895800000000001,19.65121805555556,NaN,NaN,NaN,0,0,0,0,0,0,0,0,0,0,0,0,108791,130111.15,0.9620492231972085
1663939800,11.76,12.6108,11.5425,11.85,11.39621094108885,11.215095366387914,11.325319141640216,12.400081159395443,14.893931634756921,18.487006779355703,NaN,NaN,NaN,11.319999999999991,11.043076923076923,10.43999999999999,11.36647058823529,13.498600000000001,19.483611111111113,NaN,NaN,NaN,0,0,0,0,0,0,0,0,0,0,0,0,261419,135811.8,2.0389645914706875
1664199000,11.6,12.5,10.54,12.45,11.60696875287108,11.391510314046783,11.42756285603656,12.402933664572846,14.798091178491944,18.321609333345958,NaN,NaN,NaN,11.48777777777777,11.245384615384616,10.58857142857142,11.127647058823527,13.157600000000002,19.25791666666667,NaN,NaN,NaN,0,0,0,0,0,0,0,0,0,0,0,0,153153,131997.4,1.1730064450903577
1664285400,12.45,12.91,12.14,12.31,11.747575002296864,11.522723126325815,11.507784414578692,12.397623169454397,14.700518975413829,18.156907707774835,NaN,NaN,NaN,11.645555555555546,11.432307692307692,10.743809523809515,11.042352941176468,12.827400000000003,19.123333333333335,NaN,NaN,NaN,0,0,0,0,0,0,0,0,0,0,0,0,135485,129182.65,0.9901826898782415
1664371800,12.35,13.49,12.13,13.2,12.038060001837492,11.76233410827927,11.661622195071539,12.443473274057002,14.64167509402505,18.021102017150866,NaN,NaN,NaN,11.915555555555548,11.621538461538462,10.922380952380944,11.059117647058821,12.513600000000002,18.875833333333336,NaN,NaN,NaN,0,0,0,0,0,0,0,0,0,0,0,0,76556,129097.75,0.5462998312347692
1664458200,12.69,14.1,12.34,13.25,12.280448001469994,11.974857807096516,11.806020177337762,12.48956051553946,14.587099600141714,17.89038689339331,NaN,NaN,NaN,12.252222222222214,11.776153846153846,11.104761904761897,10.882647058823528,12.215000000000002,18.522361111111113,NaN,NaN,NaN,0,0,0,0,0,0,0,0,0,0,0,0,385291,133198.35,2.421289639994093
1664544600,13.1,14.8385,12.5212,12.84,12.392358401175995,12.09844954893987,11.90001834303433,12.509585628937204,14.518585890332236,17.752020129190754,NaN,NaN,NaN,12.415555555555548,11.922307692307694,11.251428571428564,10.853235294117646,11.918600000000001,18.103472222222226,NaN,NaN,NaN,0,0,0,0,0,0,0,0,0,0,0,0,128737,136189.85,0.806394357488234
1664803800,12.695,13.22,12,12.41,12.395886720940796,12.142956756234174,11.94638031184939,12.503895021569363,14.43589624757411,17.605663413322514,NaN,NaN,NaN,12.483333333333325,12.039230769230771,11.389999999999993,10.829117647058823,11.730000000000002,17.727083333333336,NaN,NaN,NaN,0,0,0,0,0,0,0,0,0,0,0,0,70385,137228.5,0.44164859313281907
1664890200,12.9,15.6,12.7006,15.56,13.028709376752637,12.631105791057863,12.274891192590355,12.6785295917654,14.479978747669243,17.549617840354774,NaN,NaN,NaN,12.846666666666659,12.407692307692308,11.679047619047612,10.943823529411766,11.6728,17.328472222222224,NaN,NaN,NaN,0,0,0,0,0,0,0,0,0,0,0,0,570317,159733.7,2.922524052583514
1664976600,15.25,16.37,14.5015,16.24,13.67096750140211,13.146662106621024,12.635355629627595,12.882042186521662,14.548999188937115,17.513737899523136,NaN,NaN,NaN,13.345555555555556,12.87076923076923,11.991428571428562,11.124411764705885,11.661399999999999,16.98805555555555,NaN,NaN,NaN,0,0,0,0,0,0,0,0,0,0,0,0,179737,166330.95,0.9084587180075931
1665063000,15.7,18.5,15.5,17.9,14.516774001121687,13.825710377103734,13.113959663297814,13.168782633006138,14.680410985449384,17.524320422823873,18.822120224719104,NaN,NaN,14.017777777777777,13.373076923076924,12.37619047619047,11.33588235294118,11.720799999999997,16.75263888888888,18.822120224719104,NaN,NaN,0,0,0,0,0,0,0,0,0,0,0,0,297028,179669.6,1.3909228595588
1665149400,17.29,20.2,16.85,20.05,15.62341920089735,14.714894608946057,13.744508784816196,13.561995053977217,14.890983103667056,17.593517123568425,18.84940644194757,NaN,NaN,14.862222222222224,14.00769230769231,12.860476190476183,11.624411764705886,11.836999999999998,16.62430555555555,18.856502247191013,NaN,NaN,0,0,0,0,0,0,0,0,0,0,0,0,423275,194862.4,1.8905290265443249
1665408600,18.77,22.2,16.46,21.4,16.77873536071788,15.669909664810906,14.440462531651088,14.009881050892805,15.146238668229131,17.697804325662442,18.906086298793177,NaN,NaN,15.872222222222222,14.708461538461538,13.368095238095231,11.959411764705886,12.065199999999997,16.578611111111105,18.915041573033708,NaN,NaN,1,0,0,0,0,1,1,0,0,1,0,0,711796,224378.55,2.6976720766414752
1665495000,20.51,21.75,19.02,20.02,17.426988288574304,16.29135114126649,14.947693210591899,14.353316419413217,15.337366563592694,17.76142612495936,18.930839936597774,NaN,NaN,16.63,15.344615384615386,13.786190476190468,12.252647058823534,12.265799999999997,16.51555555555555,18.959648314606742,NaN,NaN,0,0,0,0,0,0,0,0,0,0,0,0,376469,239489.25,1.3589400271604115
1665581400,19.99,20,19,19.76,17.893590630859443,16.786872406799848,15.385175645992636,14.662269766875319,15.510803168942,17.81618157359061,18.94926571578449,NaN,NaN,17.353333333333335,15.953076923076924,14.20619047619047,12.54794117647059,12.457399999999998,16.447083333333328,18.99795168539326,NaN,NaN,0,0,0,0,0,0,0,0,0,0,0,0,160511,244042.55,0.5717717781901445
1665667800,19.1,20.73,18.8,20.69,18.452872504687555,17.3444620629713,15.86743240544785,15.006711494482444,15.713908927022706,17.894916324999087,18.98794869987817,NaN,NaN,18.225555555555555,16.586923076923078,14.672857142857136,12.882058823529414,12.682,16.32055555555555,19.02986179775281,NaN,NaN,0,0,0,0,0,0,0,0,0,0,0,0,343844,254139.95,1.199679807326152
1665754200,20.35,29.44,5.35,5.49,15.860298003750044,15.650967482546829,14.924029459498046,14.462899409083446,15.312971322041424,17.555055603766235,18.687994284325324,NaN,NaN,17.456666666666667,16.062307692307694,14.421428571428564,12.77735294117647,12.603599999999997,15.912499999999994,18.894805617977532,NaN,NaN,1,0,0,0,1,0,1,0,0,0,1,0,10150259,757790.9,10.143238429972397
1666013400,5.55,6.2,3.6,5.02,13.692238403000035,14.132257842182996,14.023663144998224,13.923305157135822,14.90932538784372,17.21162942284113,18.384261078006983,NaN,NaN,16.285555555555558,15.433076923076925,14.173809523809517,12.647058823529413,12.500999999999998,15.48916666666666,18.711547191011235,NaN,NaN,0,0,0,0,0,0,0,0,0,0,0,0,3736736,930705.4,2.9705569963581167
1666099800,5.04,5.19,4.35,4.59,11.871790722400029,12.769078150442569,13.16605740454384,13.389973433870917,14.504645960869457,16.86583135646192,18.077721942940162,NaN,NaN,14.991111111111113,14.76692307692308,13.850952380952373,12.504999999999999,12.181399999999998,15.047638888888883,18.494382022471914,NaN,NaN,0,0,0,0,0,0,0,0,0,0,0,0,642147,955197.25,0.49459698912861927
1666186200,4.59,5.3,4.36,5.17,10.531432577920022,11.683495557522201,12.439143095039855,12.92026066622115,14.13858141338438,16.545397620668442,17.79088367754149,NaN,NaN,13.576666666666668,14.176923076923078,13.535238095238087,12.37,11.980599999999997,14.61041666666666,18.230000000000004,NaN,NaN,0,0,0,0,0,0,0,0,0,0,0,0,1658197,1028506.65,1.1935953110830246
1666272600,5.1,5.5,4.82,5.12,9.449146062336018,10.74585333501903,11.77376645003623,12.474531485294227,13.784911554035972,16.232373028321362,17.509308484707237,NaN,NaN,11.91777777777778,13.61615384615385,13.193809523809515,12.241176470588234,11.830399999999997,14.243472222222216,18.04033707865169,NaN,NaN,0,0,0,0,0,0,0,0,0,0,0,0,486648,1047399.5,0.34396687815214444
1666359000,5.13,5.23,4.7,5,8.559316849868814,9.925017144302025,11.157969500032937,12.04741540042027,13.440405218583582,15.924636780970092,17.231323851713743,18.074787,NaN,10.095555555555556,12.803846153846157,12.872380952380944,12.109117647058824,11.545399999999999,13.871249999999995,17.74797752808989,18.074787,NaN,0,0,0,0,0,0,0,0,0,0,0,0,470745,1057865.8,0.32613444700732774
1666618200,4.91,5.1,4.8,5,7.8474534798950515,9.221443266544593,10.598154090939033,11.644705948967683,13.109408935501872,15.62533166368324,16.959516655008994,17.815880326732675,NaN,8.42666666666667,11.939230769230772,12.546190476190466,11.971470588235293,11.368599999999999,13.473749999999994,17.36932584269663,17.954887,NaN,0,0,0,0,0,0,0,0,0,0,0,0,365742,1068495.25,0.25597928804556325
1666704600,4.87,5.19,4.8015,5.05,7.287962783916041,8.625522799895366,10.093776446308212,11.267865609026673,12.793353683129249,15.335596549609726,16.69486072934213,17.563090617292424,NaN,6.792222222222225,10.950769230769234,12.193809523809515,11.831176470588234,11.205,13.103472222222216,16.94292134831461,17.843487000000003,NaN,0,0,0,0,0,0,0,0,0,0,0,0,379022,1080672.1,0.26265706101828695
1666791000,5.12,5.12,4.9,4.97,6.824370227132833,8.10330525705317,9.62797858755292,10.90798757422515,12.486555499477122,15.051607603045076,16.43430826869008,17.313722486256932,NaN,5.045555555555559,9.790769230769234,11.844285714285707,11.686764705882354,11.0712,12.762777777777773,16.55483146067416,17.732687000000002,NaN,0,0,0,0,0,0,0,0,0,0,0,0,183113,1085999.95,0.1276143808418984
1666877400,4.92,5.02,4.52,4.83,6.425496181706266,7.635690220331289,9.191798715957201,10.56067399855514,12.186298421066255,14.771563559126033,16.17643475160808,17.066520060786498,NaN,4.972222222222225,8.51615384615385,11.445714285714278,11.51294117647059,10.965800000000002,12.429583333333328,16.11179775280899,17.617477,NaN,0,0,0,0,0,0,0,0,0,0,0,0,199716,1076721.2,0.140751660777314
1666963800,4.83,4.9699,4.615,4.74,6.088396945365012,7.2220201888553905,8.787089741779274,10.22806405578056,11.894286718279343,14.496726201341758,15.922291757127901,16.82243055463231,NaN,4.9411111111111135,7.340769230769236,11.040476190476182,11.321764705882355,10.846400000000003,12.094166666666661,15.707191011235956,17.486377,NaN,0,0,0,0,0,0,0,0,0,0,0,0,92144,1074891.55,0.0670302083735488
1667223000,4.6,4.98,4.51,4.88,5.84671755629201,6.887445876161763,8.431899765253887,9.922460395450242,11.619216650895838,14.233254250620066,15.676907495858392,16.585946781273254,NaN,4.973333333333335,6.196153846153852,10.661428571428562,11.143529411764707,10.7392,11.77055555555555,15.370449438202247,17.360077,NaN,0,0,0,0,0,0,0,0,0,0,0,0,179896,1080367.1,0.13221591791994425
1667309400,4.87,5.2,4.81,4.96,5.669374045033607,6.612096465281511,8.11627251386717,9.638891229995943,11.358070899880316,13.979192490329105,15.438753995950428,16.35573001332725,NaN,4.950000000000001,4.986153846153851,10.306666666666658,10.969117647058825,10.638200000000001,11.455277777777773,15.097078651685395,17.196377000000002,NaN,0,0,0,0,0,0,0,0,0,0,0,0,219111,1062806.8,0.16054339384068514
1667395800,4.86,4.9638,4.62,4.64,5.463499236026886,6.330368398812724,7.800247739879245,9.353240302567604,11.094617139100695,13.723324202922829,15.198781684929308,16.123735359597998,NaN,4.896666666666667,4.9207692307692374,9.786666666666658,10.788823529411767,10.530000000000003,11.216388888888883,14.871797752808991,17.003600000000002,NaN,0,0,0,0,0,0,0,0,0,0,0,0,150595,1061349.7,0.11146886357780936
1667482200,4.61,4.775,4.5,4.6,5.290799388821508,6.083172913268049,7.50931612716295,9.081626570992313,10.839926270900667,13.473370115171518,14.96325320304199,15.895542580200017,NaN,4.852222222222222,4.888461538461546,9.232380952380945,10.623529411764707,10.4276,11.024444444444436,14.647528089887642,16.762600000000003,NaN,0,0,0,0,0,0,0,0,0,0,0,0,127318,1052864.2,0.20047530516368559
1667568600,4.51,4.655,4.26,4.48,5.128639511057207,5.854148211372613,7.2339237519663175,8.818676481221324,10.590517397532015,13.226976413385996,14.730292020752168,15.669492232077245,NaN,4.794444444444446,4.880000000000008,8.593333333333325,10.420882352941177,10.330599999999999,10.853194444444437,14.420449438202247,16.587400000000002,NaN,0,0,0,0,0,0,0,0,0,0,0,0,131897,1038295.3,0.3493106981813903
1667831400,4.52,4.93,4,4.64,5.0309116088457655,5.680698466890811,6.998112501787562,8.579894968008677,10.357163774099387,12.991716785621996,14.506063309179899,15.451086445303437,NaN,4.74888888888889,4.8392307692307766,7.8595238095238,10.210294117647061,10.242399999999998,10.710277777777769,14.137752808988767,16.323600000000003,NaN,0,0,0,0,0,0,0,0,0,0,0,0,325182,1018964.6,0.9161298735482437
1667917800,4.5,4.7941,4.5,4.63,4.950729287076612,5.530598685906409,6.782829547079602,8.354186684122467,10.132569116291569,12.762628654509065,14.286595235642567,15.236807505792477,NaN,4.711111111111112,4.8015384615384695,7.060952380952373,9.985000000000003,10.145999999999997,10.576805555555547,13.79797752808989,15.982900000000003,NaN,0,0,0,0,0,0,0,0,0,0,0,0,123171,1006299.7,0.5021093090294966
1668004200,4.56,4.58,4.2002,4.4,4.84058342966129,5.3690845879197795,6.5662086791632746,8.128233159315469,9.907762484280134,12.5335155406869,14.066893119294955,15.022217258153022,NaN,4.663333333333335,4.755384615384624,6.317142857142849,9.768823529411767,10.045599999999999,10.499166666666659,13.448539325842697,15.596900000000003,NaN,0,0,0,0,0,0,0,0,0,0,0,0,190832,1007815.75,0.8512542998466776
1668090600,4.41,4.7586,4.41,4.62,4.796466743729032,5.26207250393124,6.389280617421159,7.927762693068871,9.700399249602482,12.316706895736573,13.8569621610884,14.816232757991576,NaN,4.650000000000001,4.7261538461538555,5.596190476190468,9.556176470588237,9.942799999999998,10.424583333333324,13.091685393258429,15.248000000000001,NaN,0,0,0,0,0,0,0,0,0,0,0,0,219517,1001599.4,1.064414793838856
1668177000,4.71,5.4894,4.64,5.38,4.913173394983225,5.27891928908392,6.2975278340192355,7.782176253464936,9.530971828049443,12.126660131469817,13.668585224175326,14.629376663773922,NaN,4.705555555555557,4.7515384615384715,4.86714285714285,9.34823529411765,9.8604,10.357916666666659,12.740337078651686,14.859200000000001,NaN,0,0,0,0,0,0,0,0,0,0,0,0,287988,508485.85,1.4350699874924453
1668436200,5.31,5.3203,4.7015,4.85,4.90053871598658,5.2176451049290735,6.1659343945629415,7.614623324695511,9.347404305380838,11.9272995799227,13.472616663638096,14.435725640728894,NaN,4.693333333333334,4.742307692307703,4.836666666666661,9.128823529411768,9.767600000000002,10.293888888888882,12.440449438202247,14.500200000000001,NaN,0,0,0,0,0,0,0,0,0,0,0,0,660637,354680.9,2.9920957375602413
1668522600,4.9,4.95,4.771,4.86,4.892430972789264,5.166552947082063,6.047213085966311,7.457216277570054,9.171427665954138,11.73367493389742,13.281225182223917,14.24610731120951,NaN,4.717777777777779,4.744615384615395,4.8290476190476115,8.88352941176471,9.6712,10.230694444444435,12.137752808988765,14.200300000000002,NaN,0,0,0,0,0,0,0,0,0,0,0,0,629069,354027,2.489902244030587
1668609000,4.83,4.93,4.5,4.78,4.869944778231411,5.111331097498911,5.93201189633301,7.304232490280336,8.999214816308877,11.543163291872833,13.092309067063386,14.05865964168061,NaN,4.737777777777779,4.747692307692318,4.838095238095232,8.634411764705886,9.570400000000001,10.156111111111102,11.81370786516854,13.955200000000001,NaN,0,0,0,0,0,0,0,0,0,0,0,0,654752,303854.75,2.296161753098425
1668695400,4.73,4.88,4.34,4.66,4.827955822585129,5.046855226427638,5.816374451211827,7.153133490835746,8.829049529394803,11.354583475657138,12.904924421128644,13.872547569568122,NaN,4.757777777777779,4.730769230769241,4.8138095238095175,8.393823529411767,9.466000000000003,9.93513888888888,11.509775280898877,13.7549,NaN,0,0,0,0,0,0,0,0,0,0,0,0,688198,313932.25,2.0999192923180803
1668781800,4.72,4.7795,4.41,4.71,4.804364658068104,4.99873305122369,5.715794955647115,7.013525862787989,8.66751817530089,11.172540092762421,12.722814989548008,13.69111098403212,NaN,4.765555555555556,4.7115384615384714,4.7942857142857065,8.167352941176475,9.345400000000001,9.789305555555547,11.23123595505618,13.556400000000002,NaN,0,0,0,0,0,0,0,0,0,0,0,0,647376,322763.8,1.792702530617767
1669041000,4.59,4.69,4.4515,4.672,4.777891726454483,4.952056901048877,5.6209045051337405,6.87972438491439,8.510831188034189,10.994443103919615,12.543907989780275,13.512514726922573,NaN,4.770222222222223,4.71400000000001,4.778666666666659,7.847117647058828,9.21404,9.67877777777777,10.959910112359552,13.35622,NaN,0,0,0,0,0,0,0,0,0,0,0,0,597244,334338.9,1.5387855517047444
1669127400,4.6,4.87,4.575,4.75,4.7723133811635865,4.923191629470466,5.541731368303401,6.758025848633568,8.363347612032848,10.823362470935516,12.370710034451823,13.338999583815195,NaN,4.809111111111111,4.725538461538472,4.766761904761895,7.509176470588239,9.09024,9.47738888888888,10.688674157303373,13.105720000000002,NaN,0,0,0,0,0,0,0,0,0,0,0,0,617933,346284.45,1.4660048933133643
1669213800,4.66,5.24,4.61,5.07,4.831850704930869,4.944164253831828,5.498846698457637,6.661567228711649,8.234196725286463,10.66573610186879,12.208472033686228,13.175257017799051,NaN,4.859111111111112,4.770923076923087,4.767714285714277,7.131823529411768,8.973840000000001,9.355583333333325,10.429011235955056,12.807720000000002,NaN,0,0,0,0,0,0,0,0,0,0,0,0,637787,369018.15,1.3926386042261327
1669386600,5.1,5.36,4.92,5.13,4.891480563944696,4.970712217570139,5.465315180416034,6.574049101356698,8.112463520373268,10.514072099077865,12.051172655159867,13.015944997644615,NaN,4.831333333333335,4.808615384615395,4.775333333333325,6.693000000000003,8.861040000000001,9.243083333333324,10.175865168539326,12.50402,NaN,0,0,0,0,0,0,0,0,0,0,0,0,293700,373717.35,0.625522371575319
1669645800,5.1,5.35,4.92,4.93,4.899184451155756,4.96489618648869,5.416650164014576,6.480103438422029,7.987661029378238,10.3610838223908,11.892924373934092,12.85582727491898,NaN,4.840222222222224,4.831692307692318,4.780095238095229,6.20858823529412,8.755240000000002,9.149611111111101,9.985865168539327,12.18952,NaN,0,0,0,0,0,0,0,0,0,0,0,0,324222,385321.25,0.6906290006156022
1669732200,5.02,5.02,4.55,4.58,4.835347560924605,4.909911016990305,5.340591058195069,6.371526099083628,7.854027263520267,10.202697964243107,11.730414943402224,12.691949507098801,NaN,4.809111111111113,4.845538461538472,4.772476190476182,5.7544705882352964,8.619440000000003,9.072944444444435,9.830359550561797,11.868820000000001,NaN,0,0,0,0,0,0,0,0,0,0,0,0,221210,387386.95,0.46427647847638803
1669818600,4.51,4.86,4.46,4.66,4.800278048739684,4.874209443134547,5.278719143813699,6.273724607707421,7.7287712924018255,10.05084322549672,11.573294611326618,12.532901002007735,NaN,4.795777777777779,4.848615384615394,4.761999999999991,5.310352941176473,8.476640000000002,8.988916666666656,9.693842696629213,11.600019999999999,NaN,0,0,0,0,0,0,0,0,0,0,0,0,287060,390784.4,0.5939149300847548
1669905000,4.75,4.8399,4.51,4.73,4.786222438991747,4.853608094115327,5.228835585285181,6.1855117729812825,7.611172418189989,9.905066698770783,11.421221397741583,12.37838811087887,NaN,4.803555555555557,4.7986153846153945,4.75104761904761,4.840941176470591,8.325440000000004,8.912388888888877,9.579235955056179,11.329320000000001,NaN,0,0,0,0,0,0,0,0,0,0,0,0,152542,390881.75,0.31875789398897086
1669991400,4.69,5.07,4.5315,4.87,4.802977951193398,4.855949794955994,5.196214168441074,6.110339671668067,7.503675460613911,9.767119665927748,11.275638700013992,12.2297071581882,NaN,4.821333333333335,4.800153846153856,4.7619999999999925,4.822705882352944,8.187840000000003,8.840999999999987,9.473955056179774,11.04182,NaN,0,0,0,0,0,0,0,0,0,0,0,0,194980,394264.85,0.41317387928333466
1670250600,4.91,4.94,4.44,4.56,4.754382360954718,4.813671252819423,5.1383765167646125,6.021748833287035,7.388237207256503,9.624458853162604,11.126402284458125,12.077831768917147,NaN,4.808888888888891,4.777076923076932,4.76009523809523,4.809176470588238,8.042040000000004,8.764749999999987,9.412943820224717,10.770320000000002,NaN,0,0,0,0,0,0,0,0,0,0,0,0,134578,394398.9,0.30985037621794115
1670337000,4.65,4.65,4.39,4.5,4.703505888763774,4.76886107384522,5.08034228796783,5.934791757099204,7.274973003050365,9.484062720199246,10.979148900359055,11.927775694285124,NaN,4.781111111111112,4.755538461538471,4.761047619047612,4.806529411764708,7.883040000000002,8.692249999999987,9.35125842696629,10.520320000000002,NaN,0,0,0,0,0,0,0,0,0,0,0,0,99599,383119.75,0.25118726988004897
1670423400,4.5,4.68,4.3,4.35,4.632804711011019,4.709023777581617,5.013947534516209,5.844232228122107,7.160268179401331,9.343403467591047,10.831834480351077,11.777720730041855,NaN,4.701111111111112,4.731692307692318,4.747238095238087,4.782411764705884,7.723840000000003,8.62308333333332,9.285752808988763,10.275620000000002,NaN,0,0,0,0,0,0,0,0,0,0,0,0,122764,383099.4,0.3424247682844632
1670509800,4.42,4.57,4.285,4.4,4.586243768808815,4.664877523641386,4.958134122287463,5.761704672229415,7.052022368444416,9.207967756150197,10.688904825232164,11.631627250239045,NaN,4.620000000000001,4.707846153846163,4.736285714285707,4.761235294117649,7.547840000000003,8.558499999999988,9.228898876404493,10.03072,NaN,0,0,0,0,0,0,0,0,0,0,0,0,74657,377290.65,0.23724025410994784
1670596200,4.35,4.58,4.35,4.52,4.572995015047052,4.644180734549759,4.918303747534058,5.690750119530591,6.952727373603459,9.079530283378958,10.551818051338117,11.490802948254114,NaN,4.574444444444445,4.696153846153856,4.741999999999992,4.747117647058825,7.3732400000000045,8.490027777777765,9.173955056179773,9.79412,NaN,0,0,0,0,0,0,0,0,0,0,0,0,30716,367850.6,0.11349298177457222
1670855400,4.52,4.58,4.388,4.56,4.570396012037642,4.632154915328365,4.885730679576416,5.626135826985986,6.858894927579794,8.955707535889124,10.418666539086159,11.35355932551641,NaN,4.572222222222223,4.681538461538471,4.739142857142849,4.7341764705882365,7.207640000000005,8.422527777777766,9.111146067415728,9.563120000000001,NaN,0,0,0,0,0,0,0,0,0,0,0,0,34003,355151.35,0.1475755568238218
1670941800,4.56,4.65,4.26,4.61,4.578316809630113,4.628989927424313,4.860664254160378,5.568070922586787,6.770702969635488,8.836647055453804,10.2895850604398,11.220023497288361,NaN,4.566666666666667,4.646153846153855,4.702476190476183,4.721235294117649,7.051640000000004,8.350999999999988,8.9318202247191,9.390820000000001,NaN,0,0,0,0,0,0,0,0,0,0,0,0,63492,325294.1,0.33275359280652567
1671028200,4.61,4.65,4.3552,4.65,4.592653447704091,4.631991366363697,4.841512958327616,5.515609727010399,6.687538147296841,8.721944396400275,10.164260947985582,11.089924022094532,NaN,4.557777777777779,4.609230769230779,4.692952380952373,4.711823529411767,6.833440000000003,8.283638888888877,8.81316853932584,9.253120000000001,NaN,0,0,0,0,0,0,0,0,0,0,0,0,71202,297400.75,0.47361436767273635
1671114600,4.58,4.71,4.5339,4.57,4.588122758163273,4.623135456883169,4.816829962116015,5.4615748854669475,6.604497435638142,8.608192495129035,10.039944038030347,10.960816615716423,NaN,4.524444444444446,4.581538461538471,4.679142857142849,4.704176470588237,6.600040000000003,8.215305555555542,8.722606741573033,9.13072,NaN,0,0,0,0,0,0,0,0,0,0,0,0,39136,266619.95,0.2961385522665325
1671201000,4.6,4.78,4.5,4.69,4.608498206530618,4.6326875344712874,4.805299965560013,5.417484892011693,6.529419104828803,8.500844755536459,9.921056392740784,10.836642029266592,NaN,4.53888888888889,4.590000000000009,4.674857142857134,4.7027058823529435,6.335840000000002,8.145999999999985,8.559011235955056,9.028319999999999,NaN,0,0,0,0,0,0,0,0,0,0,0,0,159481,240184.1,1.3247344875461309
1671460200,4.67,4.67,4.51,4.58,4.602798565224495,4.625160743832532,4.7848181505091025,5.369628612468167,6.452971296796301,8.393424351275186,9.802366250679878,10.712748127696957,NaN,4.547777777777778,4.583846153846163,4.671047619047611,4.69388235294118,6.026440000000001,8.073222222222208,8.454966292134829,8.931719999999999,NaN,0,0,0,0,0,0,0,0,0,0,0,0,22606,208945.6,0.21286023287346922
1671546600,4.51,4.725,4.42,4.42,4.566238852179596,4.59585206614217,4.751652864099184,5.315364120327129,6.373246932216054,8.28456341014436,9.68275811177588,10.588139253881176,NaN,4.555555555555556,4.5600000000000085,4.657238095238087,4.678000000000003,5.686840000000002,7.997388888888874,8.355977528089886,8.876019999999999,NaN,0,0,0,0,0,0,0,0,0,0,0,0,26719,180419.35,0.30499276381499824
1671633000,4.48,4.69,4.48,4.5,4.552991081743676,4.582158913836145,4.728775330999258,5.268771884879865,6.299786268207581,8.18087674137328,9.567585709291972,10.467582040933033,NaN,4.566666666666667,4.53153846153847,4.649047619047612,4.673882352941179,5.376440000000002,7.910722222222208,8.275528089887636,8.821119999999999,NaN,0,0,0,0,0,0,0,0,0,0,0,0,40939,151569.65,0.5140913037550499
1671719400,4.46,4.52,4.42,4.4375,4.529892865394941,4.561493354716696,4.7022957554538705,5.221270634315301,6.226755434160225,8.078318474486341,9.45358380464104,10.348174475766042,NaN,4.557500000000001,4.522115384615393,4.634166666666659,4.669102941176472,5.0699900000000016,7.8162430555555416,8.21190449438202,8.763694999999998,NaN,0,0,0,0,0,0,0,0,0,0,0,0,22731,120816.85,0.33760474760323056
1671805800,4.37,5.0975,4.37,4.75,4.573914292315953,4.588422875471453,4.706632504958064,5.194340883782998,6.16884345635002,7.987131666966167,9.34905972009346,10.237319535651864,NaN,4.578611111111112,4.541346153846162,4.6189285714285635,4.677044117647061,4.751190000000001,7.730270833333321,8.144938202247188,8.716595,NaN,0,0,0,0,0,0,0,0,0,0,0,0,123487,112306.2,1.855886861642971
1672151400,4.75,5.52,4.75,4.97,4.653131433852763,4.642933893261246,4.7305750045073305,5.1815214047096845,6.121829987473548,7.904470525405451,9.25174728186916,10.133016178510243,NaN,4.618611111111111,4.58903846153847,4.611309523809515,4.686750000000001,4.7407900000000005,7.648048611111097,8.085724719101119,8.672194999999999,NaN,0,0,0,0,0,0,0,0,0,0,0,0,606859,126438.05,5.904971670679292
1672237800,5.01,5.3799,4.69,4.87,4.696505147082211,4.675371908509639,4.743250004097574,5.163720181583416,6.072738615415762,7.821334346627219,9.154375120049846,10.028798036361525,NaN,4.643055555555556,4.625192307692316,4.608452380952373,4.693808823529414,4.737790000000001,7.566104166666651,8.027971910112356,8.619394999999999,NaN,0,0,0,0,0,0,0,0,0,0,0,0,145687,122661.9,1.3953595605162428
1672324200,4.8,4.95,4.58,4.79,4.715204117665769,4.691747350151119,4.747500003725067,5.142364742635793,6.022435140301418,7.73828409055524,9.05738900627096,9.92505946138407,NaN,4.6675,4.645961538461547,4.618452380952372,4.705279411764708,4.741790000000002,7.490687499999985,7.968870786516849,8.461594999999999,NaN,0,0,0,0,0,0,0,0,0,0,0,0,58760,111246.9,0.5689789447911148
1672410600,4.88,5.2332,4.71,4.88,4.748163294132615,4.718640585843817,4.759545457931879,5.127372471628033,5.977633762250382,7.659974937389343,8.964558139464938,9.82515729383191,NaN,4.688611111111111,4.670576923076932,4.628928571428563,4.712926470588236,4.735990000000002,7.400548611111097,7.914488764044939,8.358295,NaN,0,0,0,0,0,0,0,0,0,0,0,0,73045,107272.05,0.6871834570106313
1672756200,4.83,5.25,4.71,5.11,4.820530635306092,4.774549073580414,4.791404961756254,5.126379758963574,5.943608908828798,7.59011261033758,8.878901291921272,9.731787842468902,NaN,4.7475,4.70903846153847,4.647023809523801,4.704985294117647,4.735790000000003,7.307631944444432,7.867073033707858,8.283095,NaN,0,0,0,0,0,0,0,0,0,0,0,0,90210,102033.55,0.8177788253211375
1672842600,5.02,5.4399,4.7003,5.33,4.922424508244873,4.853899205926069,4.84036814705114,5.138015201308512,5.919545814364924,7.528191716903674,8.800036818767467,9.644623726776448,NaN,4.848611111111111,4.761346153846162,4.668928571428562,4.7191029411764704,4.742390000000004,7.210965277777764,7.825275280898872,8.143894999999999,NaN,0,0,0,0,0,0,0,0,0,0,0,0,133581,101983.7,1.1583772235997183
1672929000,5.34,5.9799,5.05,5.26,4.9899396065958985,4.911913605079488,4.878516497319218,5.14498576123374,5.893681272625123,7.466049478084395,8.721369333905967,9.557799494563053,NaN,4.933055555555556,4.814423076923085,4.7022619047618965,4.730867647058824,4.747590000000005,7.120826388888877,7.778196629213479,8.058095,NaN,0,0,0,0,0,0,0,0,0,0,0,0,212132,107610.35,1.6918615018004721
1673015400,5.32,5.39,5.1417,5.25,5.041951685276719,4.960211661496704,4.912287724835653,5.1509865748775265,5.868438869777079,7.4053357937533155,8.644227793152501,9.472496534274676,NaN,5.023333333333333,4.857500000000008,4.737976190476182,4.744691176470589,4.7515900000000055,7.029159722222213,7.73134269662921,7.978294999999998,NaN,0,0,0,0,0,0,0,0,0,0,0,0,24552,102699.75,0.1974552918245692
1673274600,5.2,5.4,5.2,5.26,5.0855613482213755,5.003038566997175,4.943897931668776,5.157215913455953,5.844578521942684,7.3465594706367865,8.569022731082445,9.389080761318741,NaN,5.08,4.909807692307701,4.781309523809516,4.762338235294118,4.757390000000005,6.929298611111101,7.680780898876401,7.914294999999997,NaN,0,0,0,0,0,0,0,0,0,0,0,0,29993,100466.55,0.2605981129534457
1673361000,5.28,5.325,4.78,4.81,5.0304490785771,4.975461628854721,4.931725392426159,5.137375004115613,5.804006815199834,7.277064690619341,8.485488892613946,9.298405894757973,NaN,5.062222222222222,4.939807692307701,4.800833333333325,4.7652794117647055,4.756990000000005,6.825131944444434,7.628084269662916,7.861394999999998,NaN,0,0,0,0,0,0,0,0,0,0,0,0,55455,101703.5,0.47220144147431803
1673447400,4.9,5.27,4.85,5.1,5.04435926286168,4.993252824732618,4.947023084023781,5.135239289594721,5.77639870479984,7.217419082657167,8.410255806111413,9.215269144366726,NaN,5.087777777777778,4.985961538461547,4.828452380952372,4.777867647058823,4.764190000000006,6.712631944444434,7.578758426966287,7.805294999999997,NaN,0,0,0,0,0,0,0,0,0,0,0,0,80864,104046.55,0.6666073915309177
1673533800,5.03,5.14,4.95,5.07,5.049487410289344,5.004216706913673,4.958202803657983,5.1315113301893085,5.74869679480769,7.158585683132313,8.336027899308938,9.133184606854513,NaN,5.11888888888889,5.0346153846153925,4.852738095238087,4.787279411764707,4.767990000000006,6.599020833333323,7.526960674157297,7.753594999999997,NaN,0,0,0,0,0,0,0,0,0,0,0,0,27247,102234.3,0.2264379203883645
1673620200,5.01,5.1,4.85,5,5.039589928231475,5.00361432021172,4.962002548779984,5.123996397035634,5.71933613618778,7.099446349347866,8.26189394599096,9.05133936711482,NaN,5.132222222222223,5.053846153846162,4.871309523809516,4.785220588235295,4.768790000000005,6.490131944444433,7.472803370786511,7.703494999999997,NaN,0,0,0,0,0,0,0,0,0,0,0,0,26918,100020.1,0.22314911859970749
1673965800,4.99,5.145,4.9248,5.09,5.04967194258518,5.0159551316100455,4.973638680709077,5.122053745776455,5.694656287709829,7.0443930247081985,8.191407413857828,8.972897003409576,NaN,5.130000000000001,5.063076923076931,4.892261904761897,4.784044117647059,4.777790000000007,6.388465277777764,7.418983146067409,7.653894999999997,NaN,0,0,0,0,0,0,0,0,0,0,0,0,10791,98602.85,0.09585341991023379
1674052200,5.04,5.23,4.62,4.95,5.029737554068144,5.006532969951468,4.971489709735525,5.112222103160658,5.665454080348659,6.987012393894275,8.11937613799432,8.893235676609386,NaN,5.087777777777778,5.069230769230777,4.910357142857134,4.784632352941177,4.7847900000000045,6.241104166666653,7.3539269662921285,7.606194999999996,NaN,0,0,0,0,0,0,0,0,0,0,0,0,64407,93849.15,0.8723503882388679
1674138600,4.97,5.08,4.7015,4.88,4.9997900432545155,4.988456831386972,4.9631724633959315,5.098952268694335,5.6346519595506726,6.929286026938268,8.047390001594447,8.81376566321118,NaN,5.045555555555556,5.076153846153854,4.919404761904754,4.793455882352942,4.792790000000005,6.083326388888875,7.282466292134826,7.561694999999995,NaN,0,0,0,0,0,0,0,0,0,0,0,0,24624,93950.05,0.3777601719960683
1674225000,4.87,5.03,4.7919,4.82,4.963832034603612,4.964391569760262,4.950156784905392,5.0830121390546585,5.602704823882019,6.871497368665986,7.975670223781237,8.73468119463274,NaN,4.997777777777778,5.07153846153847,4.930833333333325,4.798161764705883,4.796390000000005,5.90165972222221,7.213702247191006,7.519394999999996,NaN,0,0,0,0,0,0,0,0,0,0,0,0,8253,93026.75,0.13402824822056628
1674484200,4.83,5.1,4.83,5.08,4.98706562768289,4.98090705979451,4.961960713550356,5.0828400168229635,5.582206595494489,6.822415248976507,7.911321996586098,8.662311269986548,NaN,4.977777777777778,5.069230769230779,4.962261904761896,4.808455882352941,4.805390000000005,5.693743055555544,7.148421348314601,7.475694999999996,NaN,0,0,0,0,0,0,0,0,0,0,0,0,23885,92174.05,0.4113483378274647
1674570600,4.5959,5.05,4.5959,4.94,4.977652502146312,4.97506319410958,4.959964285045778,5.074677730147366,5.557022023122156,6.770842228456603,7.8452926188841845,8.588602135927408,NaN,4.992222222222222,5.0392307692307785,4.983214285714277,4.810514705882353,4.816190000000005,5.4651319444444315,7.0829157303370724,7.430894999999997,NaN,1,0,0,1,0,0,1,0,0,1,0,0,32675,92671.25,0.6055916449666855
1674657000,4.89,4.99,4.7174,4.89,4.96012200171705,4.962911309236783,4.953603895496162,5.064124716996088,5.530864296725208,6.719312304389299,7.779619449575647,8.51536248967142,NaN,4.968888888888889,5.01076923076924,5.004761904761897,4.820220588235294,4.821590000000006,5.254993055555543,7.023028089887635,7.382194999999997,NaN,0,0,0,0,0,0,0,0,0,0,0,0,20206,87507.2,0.4406279108164772
1674743400,4.96,4.96,4.781,4.94,4.9560976013736395,4.9596382650601,4.952367177723784,5.057031876024883,5.507693147834024,6.670564022077263,7.716516795140633,8.444563232450204,NaN,4.954444444444444,4.986923076923086,5.013809523809516,4.833161764705883,4.812790000000006,5.04915972222221,6.950780898876398,7.336594999999996,NaN,0,0,0,0,0,0,0,0,0,0,0,0,24537,58391.1,0.7559698684219213
1674829800,4.92,5,4.89,4.9,4.944878081098912,4.951118512908657,4.94760652520344,5.048058625966318,5.483862043997395,6.622055418732681,7.653927533026397,8.374373861510595,NaN,4.943333333333334,4.9592307692307775,5.010476190476182,4.849338235294119,4.813790000000006,4.829854166666655,6.873252808988757,7.290694999999995,NaN,0,0,0,0,0,0,0,0,0,0,0,0,10469,51630.2,0.332859439867007
1675089000,4.86,4.99,4.63,4.72,4.899902464879129,4.918101582493135,4.926915022912218,5.029312418768242,5.453906669722987,6.569944311370142,7.5887291434035875,8.302010022668801,NaN,4.902222222222224,4.9523076923077,5.003333333333325,4.858750000000001,4.810990000000005,4.81915972222221,6.788196629213477,7.241094999999994,NaN,0,0,0,0,0,0,0,0,0,0,0,0,56460,51515.2,1.6933488434866997
1675175400,4.7,4.94,4.63,4.72,4.863921971903303,4.889801356422687,4.908104566283835,5.011637423410057,5.4251260160083605,6.519260905579179,7.524979606883508,8.231079131130805,NaN,4.876666666666668,4.923076923076932,4.999999999999992,4.864632352941178,4.809790000000006,4.814993055555544,6.709207865168533,7.190094999999994,NaN,0,0,0,0,0,0,0,0,0,0,0,0,99250,52825.45,2.721382881630127
1675261800,4.93,4.93,4.58,4.61,4.813137577522642,4.8498297340765895,4.881004151167122,4.98868671350091,5.393160289890385,6.466952387618106,7.4602022822860965,8.15937459388069,NaN,4.846666666666668,4.8876923076923156,4.987142857142849,4.866102941176472,4.8087900000000054,4.815270833333322,6.6278595505617925,7.137394999999994,NaN,0,0,0,0,0,0,0,0,0,0,0,0,56558,51142.85,1.6283046804310273
1675348200,4.71,4.75,4.4,4.46,4.7425100620181135,4.794139772065648,4.842731046515565,4.958476044158001,5.356565768718213,6.411967390697062,7.393531120457516,8.086119651427607,NaN,4.806666666666668,4.846153846153855,4.956190476190467,4.861691176470589,4.803790000000006,4.805409722222211,6.538084269662915,7.074594999999995,NaN,0,0,0,0,0,0,0,0,0,0,0,0,79880,48457.8,2.0751401432142105
1675434600,4.46,4.5539,3.87,3.92,4.578008049614491,4.6692626617705555,4.758846405923241,4.8991345559204005,5.30022985621946,6.343694311499882,7.316341540002905,8.003622232587457,NaN,4.67777777777778,4.756153846153854,4.889047619047609,4.840220588235295,4.7887500000000065,4.788743055555544,6.443814606741567,7.001394999999995,NaN,0,0,0,0,0,0,0,0,0,0,0,0,245930,50147.7,4.542692218887093
1675693800,3.9,4.1928,3.81,4.09,4.480406439691593,4.586510852946191,4.6980421872029465,4.852898295582092,5.252769861857912,6.281949261869748,7.244645061336174,7.92612476263523,NaN,4.583333333333335,4.690000000000008,4.833333333333324,4.8261029411764715,4.775550000000006,4.776104166666655,6.341455056179769,6.932894999999997,NaN,0,0,0,0,0,0,0,0,0,0,0,0,58042,51822.2,1.0092054407980366
1675780200,4.05,4.2099,3.9,3.97,4.378325151753274,4.498437873953877,4.63185653382086,4.802446964405973,5.202465161392896,6.218608186202084,7.171875171084259,7.847785658424631,NaN,4.481111111111113,4.620000000000008,4.772380952380944,4.804926470588236,4.753550000000007,4.7617986111111,6.237185393258421,6.8636949999999946,NaN,0,0,0,0,0,0,0,0,0,0,0,0,56114,53128.25,0.9858360637634384
1675866600,4.12,4.18,3.51,3.67,4.236660121402619,4.38008960624618,4.5444150307462365,4.73773570929706,5.1423684883970955,6.148783304388328,7.0940557228379415,7.765057229544936,NaN,4.340000000000002,4.53153846153847,4.696666666666657,4.778161764705883,4.7243500000000065,4.742631944444432,6.134151685393252,6.792694999999996,NaN,0,0,0,0,0,0,0,0,0,0,0,0,107413,55726.15,1.709480351767477
1675953000,4,4.12,3.76,3.95,4.179328097122095,4.318648233925297,4.4903773006783965,4.692722240194371,5.095608939832504,6.088542665911935,7.024187817885987,7.689511541831174,NaN,4.234444444444446,4.444615384615393,4.655714285714277,4.764338235294118,4.704750000000007,4.728465277777766,6.03909550561797,6.729994999999994,NaN,1,0,0,1,0,0,1,0,0,1,0,0,24885,52927.2,0.38869624591656404
1676039400,3.93,4.2,3.57,3.71,4.085462477697676,4.231698486221683,4.419433909707633,4.636566683611836,5.041271334348876,6.023377113421197,6.950539199710743,7.610709333082042,NaN,4.122222222222224,4.3500000000000085,4.589523809523802,4.741102941176472,4.687350000000007,4.712909722222211,5.9059494382022395,6.653394999999994,NaN,0,0,0,0,0,0,0,0,0,0,0,0,89495,56039.6,1.3025384805710283
1676298600,3.65,3.78,3.5,3.6,3.9883699821581406,4.141455845332871,4.34493991791603,4.57733430169116,4.984750889864606,5.956983219902808,6.876082773050505,7.531289346288338,NaN,3.997777777777779,4.250769230769239,4.519523809523801,4.7164705882352935,4.666150000000007,4.697076388888878,5.763926966292126,6.5713949999999945,NaN,0,0,0,0,0,0,0,0,0,0,0,0,46394,57013.4,0.6657380387912257
1676385000,3.58,3.91,3.58,3.81,3.9526959857265127,4.094105010285318,4.2963090162873,4.5334866273088075,4.938682227516974,5.898161761823279,6.807947600316049,7.457600448342034,NaN,3.9088888888888906,4.163846153846162,4.462857142857135,4.688823529411765,4.647750000000007,4.682215277777767,5.605612359550553,6.486594999999994,NaN,0,0,0,0,0,0,0,0,0,0,0,0,43499,58648.8,0.6096407541699785
1676471400,3.86,4,3.71,3.9,3.9421567885812103,4.066375723101701,4.260280923897546,4.4972873914625895,4.897949591143759,5.843417603965107,6.743326542531248,7.387152914711499,NaN,3.846666666666668,4.086923076923084,4.406190476190468,4.6573529411764705,4.628350000000007,4.6674930555555445,5.42415168539325,6.408094999999995,NaN,0,0,0,0,0,0,0,0,0,0,0,0,55296,58193.25,0.7518260438872083
1676557800,3.83,3.93,3.74,3.74,3.9017254308649685,4.019750619801458,4.212982658088678,4.454013826236156,4.852539803255769,5.785789724404419,6.67658595269722,7.314932064915231,NaN,3.826666666666668,4.0115384615384695,4.34857142857142,4.624117647058823,4.611950000000007,4.654993055555545,5.225724719101114,6.326994999999995,NaN,0,0,0,0,0,0,0,0,0,0,0,0,12650,57594.55,0.17163081252798326
1676644200,3.75,3.75,3.64,3.68,3.857380344691975,3.9712148169726786,4.164529689171525,4.409784464736947,4.806557850186915,5.728096855242654,6.609995153748393,7.2429532121446325,NaN,3.781111111111113,3.931538461538469,4.291428571428563,4.591470588235294,4.595550000000007,4.642215277777768,5.042129213483137,6.239294999999995,NaN,0,0,0,0,0,0,0,0,0,0,0,0,13554,57859.6,0.19187429218573046
1676989800,3.73,3.85,3.55,3.55,3.79590427575358,3.9110412716908676,4.108663353792296,4.360653923894835,4.757281071748213,5.66842296879765,6.541995261442874,7.169825425765531,NaN,3.734444444444446,3.8500000000000076,4.230952380952372,4.552352941176471,4.579550000000008,4.629298611111102,4.859994382022462,6.151694999999995,NaN,0,0,0,0,0,0,0,0,0,0,0,0,40850,58707.85,0.6145761691884456
1677076200,3.56,3.72,3.54,3.625,3.761723420602864,3.8701782328778864,4.064693957992996,4.3186165568151305,4.712877892463969,5.612438777871687,6.477173144521921,7.099630862879085,NaN,3.7294444444444457,3.7857692307692385,4.161666666666658,4.508676470588235,4.564050000000008,4.61520138888888,4.668252808988754,6.055944999999995,NaN,0,0,0,0,0,0,0,0,0,0,0,0,30453,58596.75,0.47138000232184024
1677162600,3.7,5.01,3.6207,4.28,3.8653787364822914,3.928724199609617,4.084267234539087,4.316409896425695,4.695902288837932,5.5759336058752025,6.428347074643656,7.043796588366628,NaN,3.7661111111111123,3.8134615384615462,4.130238095238087,4.477794117647059,4.5592500000000085,4.61034027777777,4.654657303370778,5.9662449999999945,NaN,0,0,0,0,0,0,0,0,0,0,0,0,1762770,145724.95,9.538264127899449
1677249000,4.17,4.6299,4,4,3.892302989185833,3.9389064568082435,4.076606576853716,4.298329330915655,4.66861200300115,5.532757342700539,6.374383806318241,6.983523388596992,NaN,3.7983333333333342,3.80653846153847,4.087857142857135,4.440735294117647,4.548050000000007,4.604784722222215,4.643196629213473,5.877844999999994,NaN,0,0,0,0,0,0,0,0,0,0,0,0,191305,154063.35,1.0574678606399444
1677508200,3.94,4.56,3.91,4.45,4.003842391348667,4.011919820121352,4.110551433503378,4.306996226291903,4.660038983275615,5.503092757969018,6.331619721733392,6.933354608624774,NaN,3.892777777777779,3.8434615384615465,4.064523809523801,4.417205882352941,4.544850000000007,4.602423611111103,4.6416235955056075,5.798244999999993,NaN,0,0,0,0,0,0,0,0,0,0,0,0,117404,159410.1,0.6341064827424441
1677594600,4.33,4.43,4.0215,4.34,4.0710739130789335,4.058788417246873,4.13141039409398,4.30888215621808,4.647488434911865,5.471227202956168,6.287361505694872,6.882001052018343,NaN,3.951666666666667,3.895000000000008,4.037857142857134,4.390147058823529,4.538650000000008,4.58797916666666,4.632297752808978,5.686044999999994,NaN,0,0,0,0,0,0,0,0,0,0,0,0,44755,158824.85,0.24278855189030363
1677681000,4.34,4.77,4.21,4.55,4.166859130463147,4.12896150049732,4.169463994630891,4.322660318719904,4.643665359032968,5.445988101505314,6.248753472234986,6.835822813364515,NaN,4.023888888888889,3.9411538461538544,4.029761904761896,4.382499999999999,4.538250000000008,4.5838124999999925,4.625893258426958,5.569144999999993,NaN,0,0,0,0,0,0,0,0,0,0,0,0,77478,157736.25,0.42523800488319685
1677767400,4.58,4.7069,4.09,4.66,4.2654873043705175,4.2048241432834175,4.214058176937174,4.341936871935909,4.644305933188538,5.424454180916127,6.213447839518653,6.792737213099871,NaN,4.126111111111111,4.014230769230777,4.0269047619047535,4.369558823529411,4.537650000000008,4.581034722222214,4.622073033707856,5.436744999999991,NaN,0,0,0,0,0,0,0,0,0,0,0,0,181108,163963.75,0.9366463601366969
1677853800,4.64,5.25,4.4415,4.98,4.408389843496414,4.315563551385787,4.283689251761067,4.378397622111,4.657470406396831,5.412277354041713,6.18603788752935,6.756841426701854,NaN,4.270555555555557,4.120384615384624,4.044523809523802,4.366911764705883,4.545650000000008,4.5838124999999925,4.621848314606733,5.2860449999999926,NaN,0,0,0,0,0,0,0,0,0,0,0,0,122238,166081.65,0.6246298025297161
1678113000,4.88,5,4.75,4.75,4.476711874797131,4.377625901187817,4.326081137964606,4.399632043704657,4.661099017910681,5.394132768999474,6.154125934473142,6.717101992509738,NaN,4.40388888888889,4.192692307692316,4.058333333333325,4.3595588235294125,4.552250000000008,4.585062499999992,4.618477528089878,5.119544999999992,NaN,0,0,0,0,0,0,0,0,0,0,0,0,43110,155940.65,0.22055421765997799
1678199400,4.65,4.94,4.65,4.68,4.517369499837704,4.420822201018129,4.358255579967824,4.415653069778677,4.661840232894576,5.374567487657022,6.121367580373739,6.676763339192713,NaN,4.521111111111112,4.252692307692316,4.094523809523802,4.3475,4.5558500000000075,4.584645833333327,4.615219101123585,4.966144999999993,NaN,0,0,0,0,0,0,0,0,0,0,0,0,115688,158822.95,0.576656689188684
1678285800,4.66,4.95,4.6,4.84,4.581895599870164,4.480704743729825,4.4020505272434765,4.439901465791324,4.6688268904281225,5.3599218030636795,6.092892745254322,6.640391787921571,NaN,4.583333333333334,4.337307692307701,4.130238095238088,4.344264705882353,4.563900000000007,4.5869791666666595,4.615331460674146,4.816944999999993,NaN,0,0,0,0,0,0,0,0,0,0,0,0,127386,162386.55,0.6190764971193256
1678372200,4.84,5.11,4.6001,4.74,4.613516479896131,4.5177469231969924,4.4327732065849785,4.457049953460391,4.671617992764275,5.342937644075634,6.062828462026449,6.6027602673686685,NaN,4.665555555555557,4.418846153846162,4.166904761904754,4.340147058823529,4.563700000000008,4.58684027777777,4.615331460674145,4.657444999999994,NaN,0,0,0,0,0,0,0,0,0,0,0,0,136585,163845.15,0.6364030294034247
1678458600,5.01,5.1,4.8015,5.02,4.694813183916905,4.589497362740279,4.486157460531799,4.489218527548369,4.685280032263715,5.33409003738863,6.039654496203639,6.571418479896022,NaN,4.728888888888889,4.531923076923086,4.231190476190468,4.3460294117647065,4.564700000000007,4.586145833333326,4.616904494382011,4.652744999999995,NaN,1,0,0,1,0,0,1,0,0,1,0,0,62726,165737.2,0.28755907285739735
1678714200,4.87,4.99,4.8,4.96,4.747850547133524,4.642426310920239,4.529234055028908,4.5161203259741765,4.696053364331805,5.323840995268394,6.01566217406578,6.539509203066398,NaN,4.797777777777778,4.634615384615393,4.279285714285707,4.3425,4.5665000000000076,4.583784722222216,4.61690449438201,4.652144999999994,NaN,0,0,0,0,0,0,0,0,0,0,0,0,33712,162948.05,0.15491030019844304
1678800600,4.93,5.09,4.82,5.01,4.800280437706819,4.694936837931634,4.57294005002628,4.5443420216327945,4.708364997103106,5.315242611836383,5.993314125753208,6.509221892114589,NaN,4.84888888888889,4.69076923076924,4.3411904761904685,4.344558823529413,4.570900000000008,4.584895833333328,4.621061797752796,4.656344999999995,NaN,0,0,0,0,0,0,0,0,0,0,0,0,56457,163451.2,0.25723055974474746
1678887000,4.88,5.05,4.84,5,4.840224350165455,4.738517289655686,4.611763681842072,4.5703796203966345,4.719801663883377,5.306605827950454,5.971240478514248,6.479336310092518,NaN,4.886666666666668,4.767692307692316,4.407857142857135,4.34779411764706,4.573300000000008,4.59072916666666,4.625556179775268,4.654644999999995,NaN,0,0,0,0,0,0,0,0,0,0,0,0,27491,162650.8,0.28776852546239357
1678973400,4.92,5.06,4.81,4.97,4.866179480132364,4.771586248276302,4.644330619856429,4.593215070659684,4.729613363338931,5.29738375047236,5.94899069010282,6.449448462367913,NaN,4.885555555555556,4.807692307692316,4.463095238095231,4.348676470588235,4.570500000000008,4.595034722222216,4.631061797752796,4.653144999999996,NaN,0,0,0,0,0,0,0,0,0,0,0,0,21791,160975.55,0.2612093714600802
1679059800,4.93,5.03,4.81,4.96,4.8849435841058915,4.798502498522544,4.673027836233118,4.614174209479131,4.738648133404071,5.28814036004846,5.9270131192116455,6.419954433410132,11.363766,4.908888888888889,4.855384615384624,4.51357142857142,4.350441176470588,4.563100000000008,4.598229166666661,4.634657303370774,4.652744999999996,11.363766,0,0,0,0,0,0,0,0,0,0,0,0,33520,162019.05,0.4328971583282982
1679319000,4.9,5.78,4.895,5.53,5.013954867284713,4.903002141590752,4.750934396575562,4.666507111794609,4.769681539937245,5.2947666515539815,5.918190605451387,6.402331573342605,11.305718577114428,5.003333333333334,4.930769230769239,4.598809523809516,4.374264705882352,4.568500000000007,4.607395833333327,4.644769662921336,4.658044999999996,11.306466,0,0,0,0,0,0,0,0,0,0,0,0,254630,174072.85,2.7550544083096327
1679405400,5.65,5.98,5.5339,5.68,5.147163893827771,5.014001835649216,4.835394905977783,4.724420991120631,4.805380303076961,5.305320989867571,5.912897480885801,6.38802797783087,11.249741277839657,5.096666666666667,5.009230769230778,4.694047619047611,4.4025,4.577100000000008,4.6229513888888825,4.659151685393244,4.664344999999995,11.253916000000002,0,0,0,0,0,0,0,0,0,0,0,0,206913,182376,2.035178855591191
1679491800,5.62,5.97,5.6,5.61,5.239731115062217,5.099144430556471,4.905813550888894,4.775025505913738,4.836934016681786,5.313668360008186,5.906166425755005,6.372621483220358,11.193624449204437,5.193333333333333,5.057692307692316,4.792142857142849,4.431911764705882,4.584100000000008,4.63836805555555,4.670275280898861,4.670744999999994,11.201716000000001,0,0,0,0,0,0,0,0,0,0,0,0,213156,191511.15,2.0504176506438423
1679578200,5.57,5.96,5.36,5.3601,5.263804892049773,5.136423797619832,4.947112318989904,4.808458334147239,4.857450329753089,5.314940459733989,5.894031616293783,6.352571552859558,11.135579429809368,5.231122222222222,5.104623076923086,4.874766666666659,4.458385294117647,4.595102000000008,4.652397222222216,4.670051685393243,4.676045999999994,11.146761500000002,0,0,0,0,0,0,0,0,0,0,0,0,29003,104822.8,0.2980851113812687
1679664600,5.51,5.65,5.3038,5.65,5.341043913639819,5.209791826531284,5.0110111990817305,4.856546429338825,4.8885307089784575,5.324120173165934,5.888608691487255,6.338659244882141,11.080996549910768,5.307788888888889,5.17923846153847,4.9400047619047545,4.509267647058824,4.606102000000008,4.669758333333329,4.679040449438186,4.685145999999995,11.0857615,0,0,0,0,0,0,0,0,0,0,0,0,109051,100710.1,1.0690458501416908
1679923800,5.62,5.86,5.5,5.5,5.372835130911855,5.251250137026815,5.055464726437937,4.893315204805178,4.912509896861655,5.328938798558648,5.879972942787538,6.322052131122098,11.025464245931557,5.362233333333333,5.230007692307701,5.011433333333326,4.5507382352941175,4.614702000000007,4.68336944444444,4.686231460674141,4.691345999999997,11.025711500000002,0,0,0,0,0,0,0,0,0,0,0,0,15710,95625.4,0.1656011342254642
1680010200,5.49,5.8299,5.36,5.48,5.394268104729484,5.283928688880128,5.094058842216307,4.9268400502448815,4.934764410710217,5.333077461611835,5.871084655170037,6.305377831495918,10.970285497215821,5.415566666666667,5.2869307692307785,5.060480952380945,4.59515,4.624302000000007,4.696147222222217,4.694096629213467,4.696545999999997,10.9464615,0,0,0,0,0,0,0,0,0,0,0,0,261753,106475.3,2.505673170151344
1680096600,5.47,5.6999,5.37,5.435,5.402414483783587,5.305510304754395,5.125053492923915,4.95587776165946,4.95438149264315,5.335869859923839,5.861393885055147,6.28814262691184,10.915208029581832,5.4672333333333345,5.318853846153855,5.112623809523801,4.6470617647058825,4.631202000000007,4.70760555555555,4.702804494382007,4.704495999999997,10.854048,0,0,0,0,0,0,0,0,0,0,0,0,18648,103533.8,0.1941689517991374
1680183000,5.4528,5.54,5.45,5.5,5.42193158702687,5.333294546932339,5.159139539021742,4.986970460993205,4.975778296853223,5.340366576090309,5.8533629098316995,6.272535842220517,10.86132536262082,5.527233333333334,5.360392307692317,5.157861904761897,4.69265,4.642202000000008,4.719411111111106,4.71168089887639,4.7134959999999975,10.738048000000001,0,0,0,0,0,0,0,0,0,0,0,0,17350,95345.9,0.18696336549452158
1680269400,5.47,5.67,5.47,5.6,5.457545269621495,5.371395325942005,5.199217762747038,5.022000720365022,5.000257579329567,5.347479820580985,5.847732622946551,6.259218300790407,10.80897386647534,5.535011111111111,5.405776923076933,5.202623809523802,4.748238235294117,4.6566020000000075,4.733716666666662,4.722107865168524,4.724695999999998,10.656048,0,0,0,0,0,0,0,0,0,0,0,0,8585,89663.25,0.09433636459250679
1680528600,5.61,6.0999,5.49,6.08,5.5820362156971965,5.472624565093147,5.27928887522458,5.0824578220584495,5.042600419355859,5.3675488665924656,5.852894120214406,6.255669423547033,10.76191940014225,5.579455555555556,5.488853846153855,5.255004761904754,4.821179411764706,4.681802000000007,4.753022222222217,4.737051685393244,4.739095999999998,10.531348000000001,0,0,0,0,0,0,0,0,0,0,0,0,33898,89202.65,0.3792028599303715
1680615000,6.06,7.1,5.9,6.61,5.787628972557758,5.63510677007984,5.400262613840527,5.169745946512252,5.104067069577198,5.401588623672124,5.869718695320752,6.262685870605508,10.720606769295063,5.690566666666666,5.615007692307701,5.343576190476182,4.903532352941177,4.712402000000008,4.781216666666662,4.754355056179761,4.758895999999998,10.370898000000002,0,0,0,0,0,0,0,0,0,0,0,0,1099092,138372.85,6.623601222504412
1680701400,6.7,7.2,4.6201,5.4301,5.716123178046206,5.605820088639863,5.402975103491388,5.184623320997266,5.116852674691818,5.402369757270148,5.859949390980291,6.246199021682626,10.667964910894117,5.698344444444444,5.6511692307692405,5.37929523809523,4.948535294117647,4.722204000000008,4.795245833333329,4.75772696629212,4.769196999999998,10.183048500000002,0,0,0,0,0,0,0,0,0,0,0,0,2191342,241570.65,6.828660405626879
1680787800,5.18,5.4,4.7915,5.16,5.604898542436965,5.542131504548454,5.380886457719444,5.1832162740831365,5.1185447266646875,5.395729489947678,5.844394960069618,6.224690130164158,10.613159289890195,5.6438999999999995,5.622707692307701,5.394533333333325,4.9903,4.727604000000008,4.804412499999995,4.760311235955041,4.774596999999997,10.011298500000002,0,0,0,0,0,0,0,0,0,0,0,0,976218,283552.3,2.5144755194192685
1681133400,5.06,5.63,4.89,5.12,5.507918833949572,5.481827003898675,5.357169507017677,5.1796039155641,5.1186017962072485,5.388175257346372,5.828297294290293,6.2028150780816995,10.558500988498253,5.601677777777777,5.5796307692307785,5.412628571428563,5.0326529411764716,4.731204000000008,4.813891666666661,4.766378651685378,4.771996999999997,9.8155985,0,0,0,0,0,0,0,0,0,0,0,0,952447,328038.35,2.1741231200981677
1681219800,5.09,5.475,4.78,4.94,5.394335067159657,5.404423146198864,5.319245006379706,5.165912263246152,5.111597804199121,5.375896483172499,5.808557354417175,6.177808838911765,10.502595506025633,5.541677777777777,5.528092307692318,5.408819047619039,5.073535294117647,4.732004000000008,4.81653055555555,4.76952471910111,4.772896999999997,9.636548500000002,0,0,0,0,0,0,0,0,0,0,0,0,979581,375331.8,1.9858765791358437
1681306200,4.83,5.11,4.36,4.53,5.221468053727726,5.279505553884741,5.2474954603451875,5.129574419632085,5.088790047171705,5.3527212370581845,5.7801449687634605,6.145178960913512,10.443166695020404,5.441122222222222,5.464238461538471,5.388342857142848,5.100152941176471,4.728204000000008,4.810419444444438,4.767277528089874,4.769596999999996,9.484948500000002,0,0,0,0,0,0,0,0,0,0,0,0,1116460,428331.95,2.001557662318171
1681392600,4.47,5.1,4.47,5.01,5.17917444298218,5.241004760472635,5.22590496395017,5.1227415956531095,5.085700241400266,5.343331614125083,5.763030636124273,6.122700169608294,10.389105334870948,5.386677777777778,5.415007692307702,5.388342857142848,5.121623529411766,4.734004000000008,4.812363888888883,4.7688505617977395,4.7718969999999965,9.363548500000002,0,0,0,0,0,0,0,0,0,0,0,0,948676,474391.2,1.5215662247699029
1681479000,4.92,5.55,4.83,5.15,5.173339554385745,5.228004080405116,5.219004512681973,5.1242992187586465,5.08822180056104,5.338034857573711,5.749407733099289,6.1034387801111,10.336974933528948,5.336677777777778,5.388084615384624,5.395485714285705,5.15544705882353,4.744804000000007,4.817363888888882,4.775479775280886,4.776796999999997,9.2658485,0,0,0,0,0,0,0,0,0,0,0,0,1058681,526235.7,1.5313968437685366
1681738200,5.24,6.19,5.2,5.69,5.276671643508596,5.294003497490099,5.26182228425634,5.1566249776867235,5.111820945637077,5.34767773818813,5.748087561252639,6.095251873574246,10.29073637697642,5.293344444444445,5.404238461538471,5.42977142857142,5.1919176470588235,4.769404000000008,4.828613888888883,4.788850561797739,4.786596999999997,9.171498500000002,0,0,0,0,0,0,0,0,0,0,0,0,888676,568993.5,1.1791284328241722
1681824600,5.71,6.0799,5.515,5.97,5.415337314806877,5.390574426420085,5.326202076596672,5.203103550390339,5.145475026200328,5.364727663169277,5.753018948780358,6.092771638453964,10.247743975215462,5.2222333333333335,5.445392307692317,5.4778666666666584,5.239858823529412,4.810404000000008,4.840558333333328,4.80705280898875,4.799576999999996,9.077898500000002,0,0,0,0,0,0,0,0,0,0,0,0,875596,600041.8,1.0979014352567116
1681911000,5.88,6.8,5.2501,6.24,5.580269851845501,5.511920936931501,5.409274615087884,5.2623547760823195,5.188397574192472,5.3887077271920365,5.763840749918573,6.0956870515538855,10.20786592571083,5.312222222222222,5.502315384615394,5.511676190476182,5.289564705882353,4.853404000000008,4.853197222222217,4.827726966292122,4.814476999999996,8.9600985,0,0,0,0,0,0,0,0,0,0,0,0,1421621,660777.2,1.5835726339356009
1681997400,6.03,6.5,6.0015,6.42,5.748215881476401,5.641646517369858,5.501158740988985,5.3285059317347585,5.236695708537866,5.416962310008693,5.778422066587049,6.1021090901369766,10.170175717494802,5.452222222222222,5.565392307692317,5.546914285714277,5.341329411764706,4.902404000000008,4.869308333333327,4.849075280898863,4.827976999999996,8.817848500000002,0,0,0,0,0,0,0,0,0,0,0,0,298742,665056.5,0.3254874173272896
1682083800,6.4,6.5,5.82,6.26,5.850572705181121,5.729982729174163,5.5701443099899866,5.381734164207058,5.276825288595204,5.440059233022153,5.78912379844067,6.105235642807531,10.131268496425202,5.578888888888889,5.579238461538471,5.577866666666658,5.378976470588235,4.954204000000008,4.883336111111105,4.868176404494369,4.839276999999997,8.671648500000002,0,0,0,0,0,0,0,0,0,0,0,0,916292,709420.95,0.9324553136140885
1682343000,6.26,7.06,6.0015,7.04,6.088458164144897,5.917128053577854,5.703767554536351,5.476492211966655,5.345969394924804,5.483893226637985,5.816921047364211,6.123745828098471,10.100509605913508,5.812222222222222,5.612315384615394,5.657861904761895,5.446329411764706,5.016004000000009,4.908058333333327,4.895479775280886,4.860376999999998,8.5249485,0,0,0,0,0,0,0,0,0,0,0,0,830777,745507.25,0.799142323237119
1682429400,6.7,7.05,6.1,6.71,6.212766531315918,6.030395474495304,5.795243231396682,5.546978371282846,5.399460791202263,5.517485193031465,5.836767246311673,6.135354821601472,10.06677319192432,6.054444444444445,5.71076923076924,5.708338095238086,5.506035294117647,5.076004000000008,4.934447222222216,4.918625842696616,4.881676999999999,8.375248500000001,1,0,0,1,0,0,1,0,0,1,0,0,1576384,823540.95,1.4682091792212524
1682515800,6.69,6.88,6.25,6.72,6.314213225052734,6.12891040671026,5.879312028542438,5.614008178638112,5.451246642527664,5.550430804181288,5.85639464083808,6.1469319538469875,10.033471966134028,6.2444444444444445,5.83076923076924,5.766433333333324,5.5613294117647065,5.138404000000008,4.956947222222216,4.942783146067402,4.902276999999999,8.251148500000001,0,0,0,0,0,0,0,0,0,0,0,0,957466,858326.6,0.9715100803276392
1682602200,7.17,24,6.53,20,9.051370580042187,8.11049463432308,7.16301093503858,6.436064854144506,6.02178598987952,5.946309412285911,6.17069698215279,6.421250132978731,10.132641399306824,7.894444444444446,6.975384615384616,6.457861904761896,6.010152941176471,5.462204000000001,5.164308333333327,5.114805617977514,5.054977,8.192148500000004,0,0,0,0,0,0,0,0,0,0,0,0,34109568,2562872.6,10.17524211678826
1682688600,69,256.44,48.6,108.21,28.88309646403375,22.410423972276924,16.34910085003507,12.251718291050533,10.029166931452872,8.748054359894516,8.438237049216061,8.436868942226678,11.108535514736607,19.285555555555554,14.919230769230769,11.351909523809514,9.045152941176472,7.548404000000001,6.59778055555555,6.2791876404494245,6.088377,8.565098500000003,1,1,0,0,0,0,1,1,0,0,0,0,6700867,2897048.45,1.7808130151552446
1682947800,81.79,94,51.51,51.52,33.410477171227,26.56893483338022,19.546455318213702,14.495620102990504,11.656258424337073,9.919888487020692,9.395609559233483,9.290000250301397,11.510639638968083,24.346666666666668,18.533846153846152,13.543338095238084,10.414564705882352,8.504004,7.242641666666661,6.808401123595492,6.557976999999999,8.664148500000003,1,0,0,0,1,0,1,0,0,0,1,0,2392025,3016220.45,0.6191018011573689
1683034200,56.52,68.999,40.6,53.01,37.3303817369816,30.346229857183044,22.588595743830638,16.696441811391047,13.277973780245423,11.10043948737629,10.364818235694962,10.15574281960236,11.923568597784321,29.543333333333333,22.226153846153846,15.800957142857133,11.826329411764705,9.490604000000001,7.910141666666661,7.353457303370773,7.043077,8.781698500000003,1,0,1,0,0,0,1,0,0,1,0,0,1736630,3101357.05,0.44437819044490806
1683120600,53.41,93.94,53.32,84.8,46.82430538958528,38.12533987758547,28.244177948936944,20.588073707882987,16.082759122196585,13.119605528818035,12.018933386012852,11.63384692218449,12.64870721870189,38.25222222222222,28.35307692307692,19.54952857142856,14.17338823529412,11.115604000000001,9.020141666666662,8.25640674157302,7.847577000000002,9.061598500000004,0,0,0,0,0,0,0,0,0,0,0,0,4331176,3262961.25,1.0437556559785237
1683207000,99.29,108,16.29,17.48,40.955444311668224,35.176005609358974,27.265616317215404,20.41046949600396,16.137552882110445,13.239068391042197,12.140290421879234,11.749612329665986,12.696779783689932,39.49888888888889,29.259999999999998,20.06714761904761,14.541329411764707,11.392704000000002,9.195974999999995,8.399440449438188,7.978377000000003,9.004548500000004,1,0,1,0,0,0,1,0,1,0,0,0,10366083,3671698.3,2.15313152211741
1683293400,16.68,24.7499,9.2,10.99,34.96235544933458,31.720861950879122,25.786014833832187,19.87215695337516,15.935688063204152,13.177450078958849,12.11472841250414,11.734570501355769,12.679796900270132,39.937777777777775,29.646153846153844,20.331904761904752,14.718682352941176,11.526904,9.278058333333327,8.46708089887639,8.043077000000004,8.918598500000003,1,0,0,0,1,0,1,0,0,0,1,0,15683553,4407065.05,2.671269385491743
1683552600,11.54,12.6,9.5,11.22,30.213884359467663,28.79216738646782,24.46183166712017,19.377747984610867,15.750759119549087,13.123821309672305,12.094845558892937,11.724380986477437,12.665271557978887,40.43888888888889,30.029230769230768,20.620476190476182,14.886035294117647,11.671304,9.36528055555555,8.538429213483132,8.109677000000003,8.836398500000003,0,0,0,0,0,0,0,0,0,0,0,0,6921929,4705539.15,1.0981820870258736
1683639000,10.8,10.91,9.8201,9.92,26.15510748757413,26.096143474115273,23.139846970109243,18.837305242633104,15.522101899174613,13.036045383379912,12.046515657584205,11.688650669913526,12.637955423073624,40.794444444444444,30.298461538461538,20.849047619047607,15.010741176470589,11.780704,9.435141666666661,8.596069662921334,8.162777000000002,8.776798500000004,0,0,0,0,0,0,0,0,0,0,0,0,2385138,4775817,0.3743211911491332
1683725400,10.11,10.11,8.89,9.52,22.828085990059304,23.72812297781309,21.901679063735674,18.304887800196926,15.286725354108942,12.939715372876353,11.990370865193444,11.645707092291476,12.606930991003239,39.63,30.549230769230768,21.067142857142848,15.125741176470589,11.884304000000002,9.498752777777772,8.648204494382009,8.211477000000004,8.732298500000002,0,0,0,0,0,0,0,0,0,0,0,0,3050801,4872534.05,0.4644608841694122
1683811800,9.42,9.82,9.02,9.13,20.088468792047443,21.642676838125507,20.740617330668794,17.78060849732853,15.045285144143886,12.835339609235906,11.926807068189145,11.595891110265901,12.57233466273455,28.621111111111116,30.71,21.286190476190466,15.236620588235295,11.975904,9.557502777777772,8.693373033707852,8.257077000000002,8.693898500000003,0,0,0,0,0,0,0,0,0,0,0,0,2337640,4941982.25,0.3504706257505552
1683898200,9.02,9.02,8.47,8.47,17.764775033637953,19.760865861250434,19.62510666424436,17.248573726052612,14.787430824765694,12.715741263777387,11.849989133340497,11.53399227639925,12.53151541235908,23.83777777777778,30.845384615384617,21.450952380952373,15.319561764705881,12.052104000000002,9.609586111111106,8.728653932584256,8.294877000000003,8.661598500000002,0,0,0,0,0,0,0,0,0,0,0,0,89549,4893525.65,0.013533053949344277
1685453400,10.94,11.98,8.32,10.37,16.28582002691036,18.419313595357515,18.783733331131238,16.855512370278177,14.614198243402335,12.65147437983828,11.81710048593293,11.510942924391344,12.510007796315707,19.1,31.126153846153844,21.6995238095238,15.46279705882353,12.159904000000001,9.688058333333327,8.786069662921333,8.352777000000003,8.6422485,1,0,0,1,0,0,1,0,0,1,0,0,10467482,5372465.95,1.443365332738855
1685539800,10,10.3,8.76,9.21,14.870656021528289,17.1036973674493,17.913393937392033,16.418625949119424,14.402268900523811,12.557187410527643,11.759164919578865,11.465379698165773,12.477171897844903,10.701111111111109,30.29615384615385,21.867142857142845,15.57250294117647,12.249104000000003,9.751947222222215,8.830564044943806,8.400677000000004,8.638348500000001,0,0,0,0,0,0,0,0,0,0,0,0,1794586,5418415.45,0.24543258445905633
1685626200,8.76,9.27,7.84,8.48,13.592524817222632,15.87174060067083,17.055812670356396,15.964990180598313,14.170023061287583,12.445483645855653,11.686294588032668,11.406263268499124,12.437399043139978,9.701111111111109,22.624615384615385,21.986666666666654,15.662061764705882,12.325104000000001,9.80778055555555,8.866743820224704,8.440477000000003,8.630798500000003,1,0,0,1,0,0,1,0,0,1,0,0,1850081,5439838.45,0.36944862136084083
1685712600,8.3,8.3,7.04,7.17,12.308019853778106,14.628634800574996,16.157102427596723,15.462419313135552,13.895512353001795,12.30094984733906,11.585932486076386,11.322376867142706,12.384987112362465,9.276666666666664,19.213076923076922,22.030952380952368,15.711179411764707,12.371704000000001,9.852919444444439,8.893260674157288,8.467802000000004,8.615748500000002,0,0,0,0,0,0,0,0,0,0,0,0,1456075,5497705.1,0.3142797773538673